[{"name":"ADAMS","prov_code":"0128","mun_code":"012801"},{"name":"BACARRA","prov_code":"0128","mun_code":"012802"},{"name":"BADOC","prov_code":"0128","mun_code":"012803"},{"name":"BANGUI","prov_code":"0128","mun_code":"012804"},{"name":"CITY OF BATAC","prov_code":"0128","mun_code":"012805"},{"name":"BURGOS","prov_code":"0128","mun_code":"012806"},{"name":"CARASI","prov_code":"0128","mun_code":"012807"},{"name":"CURRIMAO","prov_code":"0128","mun_code":"012808"},{"name":"DINGRAS","prov_code":"0128","mun_code":"012809"},{"name":"DUMALNEG","prov_code":"0128","mun_code":"012810"},{"name":"BANNA (ESPIRITU)","prov_code":"0128","mun_code":"012811"},{"name":"LAOAG CITY (Capital)","prov_code":"0128","mun_code":"012812"},{"name":"MARCOS","prov_code":"0128","mun_code":"012813"},{"name":"NUEVA ERA","prov_code":"0128","mun_code":"012814"},{"name":"PAGUDPUD","prov_code":"0128","mun_code":"012815"},{"name":"PAOAY","prov_code":"0128","mun_code":"012816"},{"name":"PASUQUIN","prov_code":"0128","mun_code":"012817"},{"name":"PIDDIG","prov_code":"0128","mun_code":"012818"},{"name":"PINILI","prov_code":"0128","mun_code":"012819"},{"name":"SAN NICOLAS","prov_code":"0128","mun_code":"012820"},{"name":"SARRAT","prov_code":"0128","mun_code":"012821"},{"name":"SOLSONA","prov_code":"0128","mun_code":"012822"},{"name":"VINTAR","prov_code":"0128","mun_code":"012823"},{"name":"ALILEM","prov_code":"0129","mun_code":"012901"},{"name":"BANAYOYO","prov_code":"0129","mun_code":"012902"},{"name":"BANTAY","prov_code":"0129","mun_code":"012903"},{"name":"BURGOS","prov_code":"0129","mun_code":"012904"},{"name":"CABUGAO","prov_code":"0129","mun_code":"012905"},{"name":"CITY OF CANDON","prov_code":"0129","mun_code":"012906"},{"name":"CAOAYAN","prov_code":"0129","mun_code":"012907"},{"name":"CERVANTES","prov_code":"0129","mun_code":"012908"},{"name":"GALIMUYOD","prov_code":"0129","mun_code":"012909"},{"name":"GREGORIO DEL PILAR (CONCEPCION)","prov_code":"0129","mun_code":"012910"},{"name":"LIDLIDDA","prov_code":"0129","mun_code":"012911"},{"name":"MAGSINGAL","prov_code":"0129","mun_code":"012912"},{"name":"NAGBUKEL","prov_code":"0129","mun_code":"012913"},{"name":"NARVACAN","prov_code":"0129","mun_code":"012914"},{"name":"QUIRINO (ANGKAKI)","prov_code":"0129","mun_code":"012915"},{"name":"SALCEDO (BAUGEN)","prov_code":"0129","mun_code":"012916"},{"name":"SAN EMILIO","prov_code":"0129","mun_code":"012917"},{"name":"SAN ESTEBAN","prov_code":"0129","mun_code":"012918"},{"name":"SAN ILDEFONSO","prov_code":"0129","mun_code":"012919"},{"name":"SAN JUAN (LAPOG)","prov_code":"0129","mun_code":"012920"},{"name":"SAN VICENTE","prov_code":"0129","mun_code":"012921"},{"name":"SANTA","prov_code":"0129","mun_code":"012922"},{"name":"SANTA CATALINA","prov_code":"0129","mun_code":"012923"},{"name":"SANTA CRUZ","prov_code":"0129","mun_code":"012924"},{"name":"SANTA LUCIA","prov_code":"0129","mun_code":"012925"},{"name":"SANTA MARIA","prov_code":"0129","mun_code":"012926"},{"name":"SANTIAGO","prov_code":"0129","mun_code":"012927"},{"name":"SANTO DOMINGO","prov_code":"0129","mun_code":"012928"},{"name":"SIGAY","prov_code":"0129","mun_code":"012929"},{"name":"SINAIT","prov_code":"0129","mun_code":"012930"},{"name":"SUGPON","prov_code":"0129","mun_code":"012931"},{"name":"SUYO","prov_code":"0129","mun_code":"012932"},{"name":"TAGUDIN","prov_code":"0129","mun_code":"012933"},{"name":"CITY OF VIGAN (Capital)","prov_code":"0129","mun_code":"012934"},{"name":"AGOO","prov_code":"0133","mun_code":"013301"},{"name":"ARINGAY","prov_code":"0133","mun_code":"013302"},{"name":"BACNOTAN","prov_code":"0133","mun_code":"013303"},{"name":"BAGULIN","prov_code":"0133","mun_code":"013304"},{"name":"BALAOAN","prov_code":"0133","mun_code":"013305"},{"name":"BANGAR","prov_code":"0133","mun_code":"013306"},{"name":"BAUANG","prov_code":"0133","mun_code":"013307"},{"name":"BURGOS","prov_code":"0133","mun_code":"013308"},{"name":"CABA","prov_code":"0133","mun_code":"013309"},{"name":"LUNA","prov_code":"0133","mun_code":"013310"},{"name":"NAGUILIAN","prov_code":"0133","mun_code":"013311"},{"name":"PUGO","prov_code":"0133","mun_code":"013312"},{"name":"ROSARIO","prov_code":"0133","mun_code":"013313"},{"name":"CITY OF SAN FERNANDO (Capital)","prov_code":"0133","mun_code":"013314"},{"name":"SAN GABRIEL","prov_code":"0133","mun_code":"013315"},{"name":"SAN JUAN","prov_code":"0133","mun_code":"013316"},{"name":"SANTO TOMAS","prov_code":"0133","mun_code":"013317"},{"name":"SANTOL","prov_code":"0133","mun_code":"013318"},{"name":"SUDIPEN","prov_code":"0133","mun_code":"013319"},{"name":"TUBAO","prov_code":"0133","mun_code":"013320"},{"name":"AGNO","prov_code":"0155","mun_code":"015501"},{"name":"AGUILAR","prov_code":"0155","mun_code":"015502"},{"name":"CITY OF ALAMINOS","prov_code":"0155","mun_code":"015503"},{"name":"ALCALA","prov_code":"0155","mun_code":"015504"},{"name":"ANDA","prov_code":"0155","mun_code":"015505"},{"name":"ASINGAN","prov_code":"0155","mun_code":"015506"},{"name":"BALUNGAO","prov_code":"0155","mun_code":"015507"},{"name":"BANI","prov_code":"0155","mun_code":"015508"},{"name":"BASISTA","prov_code":"0155","mun_code":"015509"},{"name":"BAUTISTA","prov_code":"0155","mun_code":"015510"},{"name":"BAYAMBANG","prov_code":"0155","mun_code":"015511"},{"name":"BINALONAN","prov_code":"0155","mun_code":"015512"},{"name":"BINMALEY","prov_code":"0155","mun_code":"015513"},{"name":"BOLINAO","prov_code":"0155","mun_code":"015514"},{"name":"BUGALLON","prov_code":"0155","mun_code":"015515"},{"name":"BURGOS","prov_code":"0155","mun_code":"015516"},{"name":"CALASIAO","prov_code":"0155","mun_code":"015517"},{"name":"DAGUPAN CITY","prov_code":"0155","mun_code":"015518"},{"name":"DASOL","prov_code":"0155","mun_code":"015519"},{"name":"INFANTA","prov_code":"0155","mun_code":"015520"},{"name":"LABRADOR","prov_code":"0155","mun_code":"015521"},{"name":"LINGAYEN (Capital)","prov_code":"0155","mun_code":"015522"},{"name":"MABINI","prov_code":"0155","mun_code":"015523"},{"name":"MALASIQUI","prov_code":"0155","mun_code":"015524"},{"name":"MANAOAG","prov_code":"0155","mun_code":"015525"},{"name":"MANGALDAN","prov_code":"0155","mun_code":"015526"},{"name":"MANGATAREM","prov_code":"0155","mun_code":"015527"},{"name":"MAPANDAN","prov_code":"0155","mun_code":"015528"},{"name":"NATIVIDAD","prov_code":"0155","mun_code":"015529"},{"name":"POZORRUBIO","prov_code":"0155","mun_code":"015530"},{"name":"ROSALES","prov_code":"0155","mun_code":"015531"},{"name":"SAN CARLOS CITY","prov_code":"0155","mun_code":"015532"},{"name":"SAN FABIAN","prov_code":"0155","mun_code":"015533"},{"name":"SAN JACINTO","prov_code":"0155","mun_code":"015534"},{"name":"SAN MANUEL","prov_code":"0155","mun_code":"015535"},{"name":"SAN NICOLAS","prov_code":"0155","mun_code":"015536"},{"name":"SAN QUINTIN","prov_code":"0155","mun_code":"015537"},{"name":"SANTA BARBARA","prov_code":"0155","mun_code":"015538"},{"name":"SANTA MARIA","prov_code":"0155","mun_code":"015539"},{"name":"SANTO TOMAS","prov_code":"0155","mun_code":"015540"},{"name":"SISON","prov_code":"0155","mun_code":"015541"},{"name":"SUAL","prov_code":"0155","mun_code":"015542"},{"name":"TAYUG","prov_code":"0155","mun_code":"015543"},{"name":"UMINGAN","prov_code":"0155","mun_code":"015544"},{"name":"URBIZTONDO","prov_code":"0155","mun_code":"015545"},{"name":"CITY OF URDANETA","prov_code":"0155","mun_code":"015546"},{"name":"VILLASIS","prov_code":"0155","mun_code":"015547"},{"name":"LAOAC","prov_code":"0155","mun_code":"015548"},{"name":"BASCO (Capital)","prov_code":"0209","mun_code":"020901"},{"name":"ITBAYAT","prov_code":"0209","mun_code":"020902"},{"name":"IVANA","prov_code":"0209","mun_code":"020903"},{"name":"MAHATAO","prov_code":"0209","mun_code":"020904"},{"name":"SABTANG","prov_code":"0209","mun_code":"020905"},{"name":"UYUGAN","prov_code":"0209","mun_code":"020906"},{"name":"ABULUG","prov_code":"0215","mun_code":"021501"},{"name":"ALCALA","prov_code":"0215","mun_code":"021502"},{"name":"ALLACAPAN","prov_code":"0215","mun_code":"021503"},{"name":"AMULUNG","prov_code":"0215","mun_code":"021504"},{"name":"APARRI","prov_code":"0215","mun_code":"021505"},{"name":"BAGGAO","prov_code":"0215","mun_code":"021506"},{"name":"BALLESTEROS","prov_code":"0215","mun_code":"021507"},{"name":"BUGUEY","prov_code":"0215","mun_code":"021508"},{"name":"CALAYAN","prov_code":"0215","mun_code":"021509"},{"name":"CAMALANIUGAN","prov_code":"0215","mun_code":"021510"},{"name":"CLAVERIA","prov_code":"0215","mun_code":"021511"},{"name":"ENRILE","prov_code":"0215","mun_code":"021512"},{"name":"GATTARAN","prov_code":"0215","mun_code":"021513"},{"name":"GONZAGA","prov_code":"0215","mun_code":"021514"},{"name":"IGUIG","prov_code":"0215","mun_code":"021515"},{"name":"LAL-LO","prov_code":"0215","mun_code":"021516"},{"name":"LASAM","prov_code":"0215","mun_code":"021517"},{"name":"PAMPLONA","prov_code":"0215","mun_code":"021518"},{"name":"PIAT","prov_code":"0215","mun_code":"021520"},{"name":"RIZAL","prov_code":"0215","mun_code":"021521"},{"name":"SANCHEZ-MIRA","prov_code":"0215","mun_code":"021522"},{"name":"SANTA ANA","prov_code":"0215","mun_code":"021523"},{"name":"SANTA PRAXEDES","prov_code":"0215","mun_code":"021524"},{"name":"SANTA TERESITA","prov_code":"0215","mun_code":"021525"},{"name":"SOLANA","prov_code":"0215","mun_code":"021527"},{"name":"TUAO","prov_code":"0215","mun_code":"021528"},{"name":"TUGUEGARAO CITY (Capital)","prov_code":"0215","mun_code":"021529"},{"name":"ALICIA","prov_code":"0231","mun_code":"023101"},{"name":"ANGADANAN","prov_code":"0231","mun_code":"023102"},{"name":"AURORA","prov_code":"0231","mun_code":"023103"},{"name":"BENITO SOLIVEN","prov_code":"0231","mun_code":"023104"},{"name":"BURGOS","prov_code":"0231","mun_code":"023105"},{"name":"CABAGAN","prov_code":"0231","mun_code":"023106"},{"name":"CABATUAN","prov_code":"0231","mun_code":"023107"},{"name":"CITY OF CAUAYAN","prov_code":"0231","mun_code":"023108"},{"name":"CORDON","prov_code":"0231","mun_code":"023109"},{"name":"DINAPIGUE","prov_code":"0231","mun_code":"023110"},{"name":"DIVILACAN","prov_code":"0231","mun_code":"023111"},{"name":"ECHAGUE","prov_code":"0231","mun_code":"023112"},{"name":"GAMU","prov_code":"0231","mun_code":"023113"},{"name":"ILAGAN CITY (Capital)","prov_code":"0231","mun_code":"023114"},{"name":"JONES","prov_code":"0231","mun_code":"023115"},{"name":"LUNA","prov_code":"0231","mun_code":"023116"},{"name":"MACONACON","prov_code":"0231","mun_code":"023117"},{"name":"DELFIN ALBANO (MAGSAYSAY)","prov_code":"0231","mun_code":"023118"},{"name":"MALLIG","prov_code":"0231","mun_code":"023119"},{"name":"NAGUILIAN","prov_code":"0231","mun_code":"023120"},{"name":"PALANAN","prov_code":"0231","mun_code":"023121"},{"name":"QUEZON","prov_code":"0231","mun_code":"023122"},{"name":"QUIRINO","prov_code":"0231","mun_code":"023123"},{"name":"RAMON","prov_code":"0231","mun_code":"023124"},{"name":"REINA MERCEDES","prov_code":"0231","mun_code":"023125"},{"name":"ROXAS","prov_code":"0231","mun_code":"023126"},{"name":"SAN AGUSTIN","prov_code":"0231","mun_code":"023127"},{"name":"SAN GUILLERMO","prov_code":"0231","mun_code":"023128"},{"name":"SAN ISIDRO","prov_code":"0231","mun_code":"023129"},{"name":"SAN MANUEL","prov_code":"0231","mun_code":"023130"},{"name":"SAN MARIANO","prov_code":"0231","mun_code":"023131"},{"name":"SAN MATEO","prov_code":"0231","mun_code":"023132"},{"name":"SAN PABLO","prov_code":"0231","mun_code":"023133"},{"name":"SANTA MARIA","prov_code":"0231","mun_code":"023134"},{"name":"CITY OF SANTIAGO","prov_code":"0231","mun_code":"023135"},{"name":"SANTO TOMAS","prov_code":"0231","mun_code":"023136"},{"name":"TUMAUINI","prov_code":"0231","mun_code":"023137"},{"name":"AMBAGUIO","prov_code":"0250","mun_code":"025001"},{"name":"ARITAO","prov_code":"0250","mun_code":"025002"},{"name":"BAGABAG","prov_code":"0250","mun_code":"025003"},{"name":"BAMBANG","prov_code":"0250","mun_code":"025004"},{"name":"BAYOMBONG (Capital)","prov_code":"0250","mun_code":"025005"},{"name":"DIADI","prov_code":"0250","mun_code":"025006"},{"name":"DUPAX DEL NORTE","prov_code":"0250","mun_code":"025007"},{"name":"DUPAX DEL SUR","prov_code":"0250","mun_code":"025008"},{"name":"KASIBU","prov_code":"0250","mun_code":"025009"},{"name":"KAYAPA","prov_code":"0250","mun_code":"025010"},{"name":"QUEZON","prov_code":"0250","mun_code":"025011"},{"name":"SANTA FE","prov_code":"0250","mun_code":"025012"},{"name":"SOLANO","prov_code":"0250","mun_code":"025013"},{"name":"VILLAVERDE","prov_code":"0250","mun_code":"025014"},{"name":"ALFONSO CASTANEDA","prov_code":"0250","mun_code":"025015"},{"name":"AGLIPAY","prov_code":"0257","mun_code":"025701"},{"name":"CABARROGUIS (Capital)","prov_code":"0257","mun_code":"025702"},{"name":"DIFFUN","prov_code":"0257","mun_code":"025703"},{"name":"MADDELA","prov_code":"0257","mun_code":"025704"},{"name":"SAGUDAY","prov_code":"0257","mun_code":"025705"},{"name":"NAGTIPUNAN","prov_code":"0257","mun_code":"025706"},{"name":"ABUCAY","prov_code":"0308","mun_code":"030801"},{"name":"BAGAC","prov_code":"0308","mun_code":"030802"},{"name":"CITY OF BALANGA (Capital)","prov_code":"0308","mun_code":"030803"},{"name":"DINALUPIHAN","prov_code":"0308","mun_code":"030804"},{"name":"HERMOSA","prov_code":"0308","mun_code":"030805"},{"name":"LIMAY","prov_code":"0308","mun_code":"030806"},{"name":"MARIVELES","prov_code":"0308","mun_code":"030807"},{"name":"MORONG","prov_code":"0308","mun_code":"030808"},{"name":"ORANI","prov_code":"0308","mun_code":"030809"},{"name":"ORION","prov_code":"0308","mun_code":"030810"},{"name":"PILAR","prov_code":"0308","mun_code":"030811"},{"name":"SAMAL","prov_code":"0308","mun_code":"030812"},{"name":"ANGAT","prov_code":"0314","mun_code":"031401"},{"name":"BALAGTAS (BIGAA)","prov_code":"0314","mun_code":"031402"},{"name":"BALIUAG","prov_code":"0314","mun_code":"031403"},{"name":"BOCAUE","prov_code":"0314","mun_code":"031404"},{"name":"BULACAN","prov_code":"0314","mun_code":"031405"},{"name":"BUSTOS","prov_code":"0314","mun_code":"031406"},{"name":"CALUMPIT","prov_code":"0314","mun_code":"031407"},{"name":"GUIGUINTO","prov_code":"0314","mun_code":"031408"},{"name":"HAGONOY","prov_code":"0314","mun_code":"031409"},{"name":"CITY OF MALOLOS (Capital)","prov_code":"0314","mun_code":"031410"},{"name":"MARILAO","prov_code":"0314","mun_code":"031411"},{"name":"CITY OF MEYCAUAYAN","prov_code":"0314","mun_code":"031412"},{"name":"NORZAGARAY","prov_code":"0314","mun_code":"031413"},{"name":"OBANDO","prov_code":"0314","mun_code":"031414"},{"name":"PANDI","prov_code":"0314","mun_code":"031415"},{"name":"PAOMBONG","prov_code":"0314","mun_code":"031416"},{"name":"PLARIDEL","prov_code":"0314","mun_code":"031417"},{"name":"PULILAN","prov_code":"0314","mun_code":"031418"},{"name":"SAN ILDEFONSO","prov_code":"0314","mun_code":"031419"},{"name":"CITY OF SAN JOSE DEL MONTE","prov_code":"0314","mun_code":"031420"},{"name":"SAN MIGUEL","prov_code":"0314","mun_code":"031421"},{"name":"SAN RAFAEL","prov_code":"0314","mun_code":"031422"},{"name":"SANTA MARIA","prov_code":"0314","mun_code":"031423"},{"name":"ALIAGA","prov_code":"0349","mun_code":"034901"},{"name":"BONGABON","prov_code":"0349","mun_code":"034902"},{"name":"CABANATUAN CITY","prov_code":"0349","mun_code":"034903"},{"name":"CABIAO","prov_code":"0349","mun_code":"034904"},{"name":"CARRANGLAN","prov_code":"0349","mun_code":"034905"},{"name":"CUYAPO","prov_code":"0349","mun_code":"034906"},{"name":"GABALDON (BITULOK & SABANI)","prov_code":"0349","mun_code":"034907"},{"name":"CITY OF GAPAN","prov_code":"0349","mun_code":"034908"},{"name":"GENERAL MAMERTO NATIVIDAD","prov_code":"0349","mun_code":"034909"},{"name":"GENERAL TINIO (PAPAYA)","prov_code":"0349","mun_code":"034910"},{"name":"GUIMBA","prov_code":"0349","mun_code":"034911"},{"name":"JAEN","prov_code":"0349","mun_code":"034912"},{"name":"LAUR","prov_code":"0349","mun_code":"034913"},{"name":"LICAB","prov_code":"0349","mun_code":"034914"},{"name":"LLANERA","prov_code":"0349","mun_code":"034915"},{"name":"LUPAO","prov_code":"0349","mun_code":"034916"},{"name":"NAMPICUAN","prov_code":"0349","mun_code":"034918"},{"name":"PALAYAN CITY (Capital)","prov_code":"0349","mun_code":"034919"},{"name":"PANTABANGAN","prov_code":"0349","mun_code":"034920"},{"name":"QUEZON","prov_code":"0349","mun_code":"034922"},{"name":"RIZAL","prov_code":"0349","mun_code":"034923"},{"name":"SAN ANTONIO","prov_code":"0349","mun_code":"034924"},{"name":"SAN ISIDRO","prov_code":"0349","mun_code":"034925"},{"name":"SAN JOSE CITY","prov_code":"0349","mun_code":"034926"},{"name":"SAN LEONARDO","prov_code":"0349","mun_code":"034927"},{"name":"SANTA ROSA","prov_code":"0349","mun_code":"034928"},{"name":"SANTO DOMINGO","prov_code":"0349","mun_code":"034929"},{"name":"TALAVERA","prov_code":"0349","mun_code":"034930"},{"name":"TALUGTUG","prov_code":"0349","mun_code":"034931"},{"name":"ZARAGOZA","prov_code":"0349","mun_code":"034932"},{"name":"ANGELES CITY","prov_code":"0354","mun_code":"035401"},{"name":"APALIT","prov_code":"0354","mun_code":"035402"},{"name":"ARAYAT","prov_code":"0354","mun_code":"035403"},{"name":"BACOLOR","prov_code":"0354","mun_code":"035404"},{"name":"CANDABA","prov_code":"0354","mun_code":"035405"},{"name":"FLORIDABLANCA","prov_code":"0354","mun_code":"035406"},{"name":"GUAGUA","prov_code":"0354","mun_code":"035407"},{"name":"LUBAO","prov_code":"0354","mun_code":"035408"},{"name":"MABALACAT CITY","prov_code":"0354","mun_code":"035409"},{"name":"MACABEBE","prov_code":"0354","mun_code":"035410"},{"name":"MAGALANG","prov_code":"0354","mun_code":"035411"},{"name":"MASANTOL","prov_code":"0354","mun_code":"035412"},{"name":"MEXICO","prov_code":"0354","mun_code":"035413"},{"name":"MINALIN","prov_code":"0354","mun_code":"035414"},{"name":"PORAC","prov_code":"0354","mun_code":"035415"},{"name":"CITY OF SAN FERNANDO (Capital)","prov_code":"0354","mun_code":"035416"},{"name":"SAN LUIS","prov_code":"0354","mun_code":"035417"},{"name":"SAN SIMON","prov_code":"0354","mun_code":"035418"},{"name":"SANTA ANA","prov_code":"0354","mun_code":"035419"},{"name":"SANTA RITA","prov_code":"0354","mun_code":"035420"},{"name":"SANTO TOMAS","prov_code":"0354","mun_code":"035421"},{"name":"SASMUAN (Sexmoan)","prov_code":"0354","mun_code":"035422"},{"name":"ANAO","prov_code":"0369","mun_code":"036901"},{"name":"BAMBAN","prov_code":"0369","mun_code":"036902"},{"name":"CAMILING","prov_code":"0369","mun_code":"036903"},{"name":"CAPAS","prov_code":"0369","mun_code":"036904"},{"name":"CONCEPCION","prov_code":"0369","mun_code":"036905"},{"name":"GERONA","prov_code":"0369","mun_code":"036906"},{"name":"LA PAZ","prov_code":"0369","mun_code":"036907"},{"name":"MAYANTOC","prov_code":"0369","mun_code":"036908"},{"name":"MONCADA","prov_code":"0369","mun_code":"036909"},{"name":"PANIQUI","prov_code":"0369","mun_code":"036910"},{"name":"PURA","prov_code":"0369","mun_code":"036911"},{"name":"RAMOS","prov_code":"0369","mun_code":"036912"},{"name":"SAN CLEMENTE","prov_code":"0369","mun_code":"036913"},{"name":"SAN MANUEL","prov_code":"0369","mun_code":"036914"},{"name":"SANTA IGNACIA","prov_code":"0369","mun_code":"036915"},{"name":"CITY OF TARLAC (Capital)","prov_code":"0369","mun_code":"036916"},{"name":"VICTORIA","prov_code":"0369","mun_code":"036917"},{"name":"SAN JOSE","prov_code":"0369","mun_code":"036918"},{"name":"BOTOLAN","prov_code":"0371","mun_code":"037101"},{"name":"CABANGAN","prov_code":"0371","mun_code":"037102"},{"name":"CANDELARIA","prov_code":"0371","mun_code":"037103"},{"name":"CASTILLEJOS","prov_code":"0371","mun_code":"037104"},{"name":"IBA (Capital)","prov_code":"0371","mun_code":"037105"},{"name":"MASINLOC","prov_code":"0371","mun_code":"037106"},{"name":"OLONGAPO CITY","prov_code":"0371","mun_code":"037107"},{"name":"PALAUIG","prov_code":"0371","mun_code":"037108"},{"name":"SAN ANTONIO","prov_code":"0371","mun_code":"037109"},{"name":"SAN FELIPE","prov_code":"0371","mun_code":"037110"},{"name":"SAN MARCELINO","prov_code":"0371","mun_code":"037111"},{"name":"SAN NARCISO","prov_code":"0371","mun_code":"037112"},{"name":"SANTA CRUZ","prov_code":"0371","mun_code":"037113"},{"name":"SUBIC","prov_code":"0371","mun_code":"037114"},{"name":"BALER (Capital)","prov_code":"0377","mun_code":"037701"},{"name":"CASIGURAN","prov_code":"0377","mun_code":"037702"},{"name":"DILASAG","prov_code":"0377","mun_code":"037703"},{"name":"DINALUNGAN","prov_code":"0377","mun_code":"037704"},{"name":"DINGALAN","prov_code":"0377","mun_code":"037705"},{"name":"DIPACULAO","prov_code":"0377","mun_code":"037706"},{"name":"MARIA AURORA","prov_code":"0377","mun_code":"037707"},{"name":"SAN LUIS","prov_code":"0377","mun_code":"037708"},{"name":"AGONCILLO","prov_code":"0410","mun_code":"041001"},{"name":"ALITAGTAG","prov_code":"0410","mun_code":"041002"},{"name":"BALAYAN","prov_code":"0410","mun_code":"041003"},{"name":"BALETE","prov_code":"0410","mun_code":"041004"},{"name":"BATANGAS CITY (Capital)","prov_code":"0410","mun_code":"041005"},{"name":"BAUAN","prov_code":"0410","mun_code":"041006"},{"name":"CALACA","prov_code":"0410","mun_code":"041007"},{"name":"CALATAGAN","prov_code":"0410","mun_code":"041008"},{"name":"CUENCA","prov_code":"0410","mun_code":"041009"},{"name":"IBAAN","prov_code":"0410","mun_code":"041010"},{"name":"LAUREL","prov_code":"0410","mun_code":"041011"},{"name":"LEMERY","prov_code":"0410","mun_code":"041012"},{"name":"LIAN","prov_code":"0410","mun_code":"041013"},{"name":"LIPA CITY","prov_code":"0410","mun_code":"041014"},{"name":"LOBO","prov_code":"0410","mun_code":"041015"},{"name":"MABINI","prov_code":"0410","mun_code":"041016"},{"name":"MALVAR","prov_code":"0410","mun_code":"041017"},{"name":"MATAASNAKAHOY","prov_code":"0410","mun_code":"041018"},{"name":"NASUGBU","prov_code":"0410","mun_code":"041019"},{"name":"PADRE GARCIA","prov_code":"0410","mun_code":"041020"},{"name":"ROSARIO","prov_code":"0410","mun_code":"041021"},{"name":"SAN JOSE","prov_code":"0410","mun_code":"041022"},{"name":"SAN JUAN","prov_code":"0410","mun_code":"041023"},{"name":"SAN LUIS","prov_code":"0410","mun_code":"041024"},{"name":"SAN NICOLAS","prov_code":"0410","mun_code":"041025"},{"name":"SAN PASCUAL","prov_code":"0410","mun_code":"041026"},{"name":"SANTA TERESITA","prov_code":"0410","mun_code":"041027"},{"name":"SANTO TOMAS","prov_code":"0410","mun_code":"041028"},{"name":"TAAL","prov_code":"0410","mun_code":"041029"},{"name":"TALISAY","prov_code":"0410","mun_code":"041030"},{"name":"CITY OF TANAUAN","prov_code":"0410","mun_code":"041031"},{"name":"TAYSAN","prov_code":"0410","mun_code":"041032"},{"name":"TINGLOY","prov_code":"0410","mun_code":"041033"},{"name":"TUY","prov_code":"0410","mun_code":"041034"},{"name":"ALFONSO","prov_code":"0421","mun_code":"042101"},{"name":"AMADEO","prov_code":"0421","mun_code":"042102"},{"name":"BACOOR CITY","prov_code":"0421","mun_code":"042103"},{"name":"CARMONA","prov_code":"0421","mun_code":"042104"},{"name":"CAVITE CITY","prov_code":"0421","mun_code":"042105"},{"name":"GENERAL EMILIO AGUINALDO","prov_code":"0421","mun_code":"042107"},{"name":"GENERAL TRIAS","prov_code":"0421","mun_code":"042108"},{"name":"IMUS CITY","prov_code":"0421","mun_code":"042109"},{"name":"INDANG","prov_code":"0421","mun_code":"042110"},{"name":"KAWIT","prov_code":"0421","mun_code":"042111"},{"name":"MAGALLANES","prov_code":"0421","mun_code":"042112"},{"name":"MARAGONDON","prov_code":"0421","mun_code":"042113"},{"name":"NAIC","prov_code":"0421","mun_code":"042115"},{"name":"NOVELETA","prov_code":"0421","mun_code":"042116"},{"name":"ROSARIO","prov_code":"0421","mun_code":"042117"},{"name":"SILANG","prov_code":"0421","mun_code":"042118"},{"name":"TAGAYTAY CITY","prov_code":"0421","mun_code":"042119"},{"name":"TANZA","prov_code":"0421","mun_code":"042120"},{"name":"TERNATE","prov_code":"0421","mun_code":"042121"},{"name":"TRECE MARTIRES CITY (Capital)","prov_code":"0421","mun_code":"042122"},{"name":"GEN. MARIANO ALVAREZ","prov_code":"0421","mun_code":"042123"},{"name":"ALAMINOS","prov_code":"0434","mun_code":"043401"},{"name":"BAY","prov_code":"0434","mun_code":"043402"},{"name":"CABUYAO CITY","prov_code":"0434","mun_code":"043404"},{"name":"CITY OF CALAMBA","prov_code":"0434","mun_code":"043405"},{"name":"CALAUAN","prov_code":"0434","mun_code":"043406"},{"name":"CAVINTI","prov_code":"0434","mun_code":"043407"},{"name":"FAMY","prov_code":"0434","mun_code":"043408"},{"name":"KALAYAAN","prov_code":"0434","mun_code":"043409"},{"name":"LILIW","prov_code":"0434","mun_code":"043410"},{"name":"LUISIANA","prov_code":"0434","mun_code":"043412"},{"name":"LUMBAN","prov_code":"0434","mun_code":"043413"},{"name":"MABITAC","prov_code":"0434","mun_code":"043414"},{"name":"MAGDALENA","prov_code":"0434","mun_code":"043415"},{"name":"MAJAYJAY","prov_code":"0434","mun_code":"043416"},{"name":"NAGCARLAN","prov_code":"0434","mun_code":"043417"},{"name":"PAETE","prov_code":"0434","mun_code":"043418"},{"name":"PAGSANJAN","prov_code":"0434","mun_code":"043419"},{"name":"PAKIL","prov_code":"0434","mun_code":"043420"},{"name":"PANGIL","prov_code":"0434","mun_code":"043421"},{"name":"PILA","prov_code":"0434","mun_code":"043422"},{"name":"RIZAL","prov_code":"0434","mun_code":"043423"},{"name":"SAN PABLO CITY","prov_code":"0434","mun_code":"043424"},{"name":"CITY OF SAN PEDRO","prov_code":"0434","mun_code":"043425"},{"name":"SANTA CRUZ (Capital)","prov_code":"0434","mun_code":"043426"},{"name":"SANTA MARIA","prov_code":"0434","mun_code":"043427"},{"name":"CITY OF SANTA ROSA","prov_code":"0434","mun_code":"043428"},{"name":"SINILOAN","prov_code":"0434","mun_code":"043429"},{"name":"VICTORIA","prov_code":"0434","mun_code":"043430"},{"name":"AGDANGAN","prov_code":"0456","mun_code":"045601"},{"name":"ALABAT","prov_code":"0456","mun_code":"045602"},{"name":"ATIMONAN","prov_code":"0456","mun_code":"045603"},{"name":"BUENAVISTA","prov_code":"0456","mun_code":"045605"},{"name":"BURDEOS","prov_code":"0456","mun_code":"045606"},{"name":"CALAUAG","prov_code":"0456","mun_code":"045607"},{"name":"CANDELARIA","prov_code":"0456","mun_code":"045608"},{"name":"CATANAUAN","prov_code":"0456","mun_code":"045610"},{"name":"DOLORES","prov_code":"0456","mun_code":"045615"},{"name":"GENERAL LUNA","prov_code":"0456","mun_code":"045616"},{"name":"GENERAL NAKAR","prov_code":"0456","mun_code":"045617"},{"name":"GUINAYANGAN","prov_code":"0456","mun_code":"045618"},{"name":"GUMACA","prov_code":"0456","mun_code":"045619"},{"name":"INFANTA","prov_code":"0456","mun_code":"045620"},{"name":"JOMALIG","prov_code":"0456","mun_code":"045621"},{"name":"LOPEZ","prov_code":"0456","mun_code":"045622"},{"name":"LUCBAN","prov_code":"0456","mun_code":"045623"},{"name":"LUCENA CITY (Capital)","prov_code":"0456","mun_code":"045624"},{"name":"MACALELON","prov_code":"0456","mun_code":"045625"},{"name":"MAUBAN","prov_code":"0456","mun_code":"045627"},{"name":"MULANAY","prov_code":"0456","mun_code":"045628"},{"name":"PADRE BURGOS","prov_code":"0456","mun_code":"045629"},{"name":"PAGBILAO","prov_code":"0456","mun_code":"045630"},{"name":"PANUKULAN","prov_code":"0456","mun_code":"045631"},{"name":"PATNANUNGAN","prov_code":"0456","mun_code":"045632"},{"name":"PEREZ","prov_code":"0456","mun_code":"045633"},{"name":"PITOGO","prov_code":"0456","mun_code":"045634"},{"name":"PLARIDEL","prov_code":"0456","mun_code":"045635"},{"name":"POLILLO","prov_code":"0456","mun_code":"045636"},{"name":"QUEZON","prov_code":"0456","mun_code":"045637"},{"name":"REAL","prov_code":"0456","mun_code":"045638"},{"name":"SAMPALOC","prov_code":"0456","mun_code":"045639"},{"name":"SAN ANDRES","prov_code":"0456","mun_code":"045640"},{"name":"SAN ANTONIO","prov_code":"0456","mun_code":"045641"},{"name":"SAN FRANCISCO (AURORA)","prov_code":"0456","mun_code":"045642"},{"name":"SAN NARCISO","prov_code":"0456","mun_code":"045644"},{"name":"SARIAYA","prov_code":"0456","mun_code":"045645"},{"name":"TAGKAWAYAN","prov_code":"0456","mun_code":"045646"},{"name":"CITY OF TAYABAS","prov_code":"0456","mun_code":"045647"},{"name":"TIAONG","prov_code":"0456","mun_code":"045648"},{"name":"UNISAN","prov_code":"0456","mun_code":"045649"},{"name":"ANGONO","prov_code":"0458","mun_code":"045801"},{"name":"CITY OF ANTIPOLO","prov_code":"0458","mun_code":"045802"},{"name":"BARAS","prov_code":"0458","mun_code":"045803"},{"name":"BINANGONAN","prov_code":"0458","mun_code":"045804"},{"name":"CAINTA","prov_code":"0458","mun_code":"045805"},{"name":"CARDONA","prov_code":"0458","mun_code":"045806"},{"name":"JALA-JALA","prov_code":"0458","mun_code":"045807"},{"name":"RODRIGUEZ (MONTALBAN)","prov_code":"0458","mun_code":"045808"},{"name":"MORONG","prov_code":"0458","mun_code":"045809"},{"name":"PILILLA","prov_code":"0458","mun_code":"045810"},{"name":"SAN MATEO","prov_code":"0458","mun_code":"045811"},{"name":"TANAY","prov_code":"0458","mun_code":"045812"},{"name":"TAYTAY","prov_code":"0458","mun_code":"045813"},{"name":"TERESA","prov_code":"0458","mun_code":"045814"},{"name":"BOAC (Capital)","prov_code":"1740","mun_code":"174001"},{"name":"BUENAVISTA","prov_code":"1740","mun_code":"174002"},{"name":"GASAN","prov_code":"1740","mun_code":"174003"},{"name":"MOGPOG","prov_code":"1740","mun_code":"174004"},{"name":"SANTA CRUZ","prov_code":"1740","mun_code":"174005"},{"name":"TORRIJOS","prov_code":"1740","mun_code":"174006"},{"name":"ABRA DE ILOG","prov_code":"1751","mun_code":"175101"},{"name":"CALINTAAN","prov_code":"1751","mun_code":"175102"},{"name":"LOOC","prov_code":"1751","mun_code":"175103"},{"name":"LUBANG","prov_code":"1751","mun_code":"175104"},{"name":"MAGSAYSAY","prov_code":"1751","mun_code":"175105"},{"name":"MAMBURAO (Capital)","prov_code":"1751","mun_code":"175106"},{"name":"PALUAN","prov_code":"1751","mun_code":"175107"},{"name":"RIZAL","prov_code":"1751","mun_code":"175108"},{"name":"SABLAYAN","prov_code":"1751","mun_code":"175109"},{"name":"SAN JOSE","prov_code":"1751","mun_code":"175110"},{"name":"SANTA CRUZ","prov_code":"1751","mun_code":"175111"},{"name":"BACO","prov_code":"1752","mun_code":"175201"},{"name":"BANSUD","prov_code":"1752","mun_code":"175202"},{"name":"BONGABONG","prov_code":"1752","mun_code":"175203"},{"name":"BULALACAO (SAN PEDRO)","prov_code":"1752","mun_code":"175204"},{"name":"CITY OF CALAPAN (Capital)","prov_code":"1752","mun_code":"175205"},{"name":"GLORIA","prov_code":"1752","mun_code":"175206"},{"name":"MANSALAY","prov_code":"1752","mun_code":"175207"},{"name":"NAUJAN","prov_code":"1752","mun_code":"175208"},{"name":"PINAMALAYAN","prov_code":"1752","mun_code":"175209"},{"name":"POLA","prov_code":"1752","mun_code":"175210"},{"name":"PUERTO GALERA","prov_code":"1752","mun_code":"175211"},{"name":"ROXAS","prov_code":"1752","mun_code":"175212"},{"name":"SAN TEODORO","prov_code":"1752","mun_code":"175213"},{"name":"SOCORRO","prov_code":"1752","mun_code":"175214"},{"name":"VICTORIA","prov_code":"1752","mun_code":"175215"},{"name":"ABORLAN","prov_code":"1753","mun_code":"175301"},{"name":"AGUTAYA","prov_code":"1753","mun_code":"175302"},{"name":"ARACELI","prov_code":"1753","mun_code":"175303"},{"name":"BALABAC","prov_code":"1753","mun_code":"175304"},{"name":"BATARAZA","prov_code":"1753","mun_code":"175305"},{"name":"BROOKE'S POINT","prov_code":"1753","mun_code":"175306"},{"name":"BUSUANGA","prov_code":"1753","mun_code":"175307"},{"name":"CAGAYANCILLO","prov_code":"1753","mun_code":"175308"},{"name":"CORON","prov_code":"1753","mun_code":"175309"},{"name":"CUYO","prov_code":"1753","mun_code":"175310"},{"name":"DUMARAN","prov_code":"1753","mun_code":"175311"},{"name":"EL NIDO (BACUIT)","prov_code":"1753","mun_code":"175312"},{"name":"LINAPACAN","prov_code":"1753","mun_code":"175313"},{"name":"MAGSAYSAY","prov_code":"1753","mun_code":"175314"},{"name":"NARRA","prov_code":"1753","mun_code":"175315"},{"name":"PUERTO PRINCESA CITY (Capital)","prov_code":"1753","mun_code":"175316"},{"name":"QUEZON","prov_code":"1753","mun_code":"175317"},{"name":"ROXAS","prov_code":"1753","mun_code":"175318"},{"name":"SAN VICENTE","prov_code":"1753","mun_code":"175319"},{"name":"TAYTAY","prov_code":"1753","mun_code":"175320"},{"name":"KALAYAAN","prov_code":"1753","mun_code":"175321"},{"name":"CULION","prov_code":"1753","mun_code":"175322"},{"name":"RIZAL (MARCOS)","prov_code":"1753","mun_code":"175323"},{"name":"ALCANTARA","prov_code":"1759","mun_code":"175901"},{"name":"BANTON","prov_code":"1759","mun_code":"175902"},{"name":"CAJIDIOCAN","prov_code":"1759","mun_code":"175903"},{"name":"CALATRAVA","prov_code":"1759","mun_code":"175904"},{"name":"CONCEPCION","prov_code":"1759","mun_code":"175905"},{"name":"CORCUERA","prov_code":"1759","mun_code":"175906"},{"name":"LOOC","prov_code":"1759","mun_code":"175907"},{"name":"MAGDIWANG","prov_code":"1759","mun_code":"175908"},{"name":"ODIONGAN","prov_code":"1759","mun_code":"175909"},{"name":"ROMBLON (Capital)","prov_code":"1759","mun_code":"175910"},{"name":"SAN AGUSTIN","prov_code":"1759","mun_code":"175911"},{"name":"SAN ANDRES","prov_code":"1759","mun_code":"175912"},{"name":"SAN FERNANDO","prov_code":"1759","mun_code":"175913"},{"name":"SAN JOSE","prov_code":"1759","mun_code":"175914"},{"name":"SANTA FE","prov_code":"1759","mun_code":"175915"},{"name":"FERROL","prov_code":"1759","mun_code":"175916"},{"name":"SANTA MARIA (IMELDA)","prov_code":"1759","mun_code":"175917"},{"name":"BACACAY","prov_code":"0505","mun_code":"050501"},{"name":"CAMALIG","prov_code":"0505","mun_code":"050502"},{"name":"DARAGA (LOCSIN)","prov_code":"0505","mun_code":"050503"},{"name":"GUINOBATAN","prov_code":"0505","mun_code":"050504"},{"name":"JOVELLAR","prov_code":"0505","mun_code":"050505"},{"name":"LEGAZPI CITY (Capital)","prov_code":"0505","mun_code":"050506"},{"name":"LIBON","prov_code":"0505","mun_code":"050507"},{"name":"CITY OF LIGAO","prov_code":"0505","mun_code":"050508"},{"name":"MALILIPOT","prov_code":"0505","mun_code":"050509"},{"name":"MALINAO","prov_code":"0505","mun_code":"050510"},{"name":"MANITO","prov_code":"0505","mun_code":"050511"},{"name":"OAS","prov_code":"0505","mun_code":"050512"},{"name":"PIO DURAN","prov_code":"0505","mun_code":"050513"},{"name":"POLANGUI","prov_code":"0505","mun_code":"050514"},{"name":"RAPU-RAPU","prov_code":"0505","mun_code":"050515"},{"name":"SANTO DOMINGO (LIBOG)","prov_code":"0505","mun_code":"050516"},{"name":"CITY OF TABACO","prov_code":"0505","mun_code":"050517"},{"name":"TIWI","prov_code":"0505","mun_code":"050518"},{"name":"BASUD","prov_code":"0516","mun_code":"051601"},{"name":"CAPALONGA","prov_code":"0516","mun_code":"051602"},{"name":"DAET (Capital)","prov_code":"0516","mun_code":"051603"},{"name":"SAN LORENZO RUIZ (IMELDA)","prov_code":"0516","mun_code":"051604"},{"name":"JOSE PANGANIBAN","prov_code":"0516","mun_code":"051605"},{"name":"LABO","prov_code":"0516","mun_code":"051606"},{"name":"MERCEDES","prov_code":"0516","mun_code":"051607"},{"name":"PARACALE","prov_code":"0516","mun_code":"051608"},{"name":"SAN VICENTE","prov_code":"0516","mun_code":"051609"},{"name":"SANTA ELENA","prov_code":"0516","mun_code":"051610"},{"name":"TALISAY","prov_code":"0516","mun_code":"051611"},{"name":"VINZONS","prov_code":"0516","mun_code":"051612"},{"name":"BAAO","prov_code":"0517","mun_code":"051701"},{"name":"BALATAN","prov_code":"0517","mun_code":"051702"},{"name":"BATO","prov_code":"0517","mun_code":"051703"},{"name":"BOMBON","prov_code":"0517","mun_code":"051704"},{"name":"BUHI","prov_code":"0517","mun_code":"051705"},{"name":"BULA","prov_code":"0517","mun_code":"051706"},{"name":"CABUSAO","prov_code":"0517","mun_code":"051707"},{"name":"CALABANGA","prov_code":"0517","mun_code":"051708"},{"name":"CAMALIGAN","prov_code":"0517","mun_code":"051709"},{"name":"CANAMAN","prov_code":"0517","mun_code":"051710"},{"name":"CARAMOAN","prov_code":"0517","mun_code":"051711"},{"name":"DEL GALLEGO","prov_code":"0517","mun_code":"051712"},{"name":"GAINZA","prov_code":"0517","mun_code":"051713"},{"name":"GARCHITORENA","prov_code":"0517","mun_code":"051714"},{"name":"GOA","prov_code":"0517","mun_code":"051715"},{"name":"IRIGA CITY","prov_code":"0517","mun_code":"051716"},{"name":"LAGONOY","prov_code":"0517","mun_code":"051717"},{"name":"LIBMANAN","prov_code":"0517","mun_code":"051718"},{"name":"LUPI","prov_code":"0517","mun_code":"051719"},{"name":"MAGARAO","prov_code":"0517","mun_code":"051720"},{"name":"MILAOR","prov_code":"0517","mun_code":"051721"},{"name":"MINALABAC","prov_code":"0517","mun_code":"051722"},{"name":"NABUA","prov_code":"0517","mun_code":"051723"},{"name":"NAGA CITY","prov_code":"0517","mun_code":"051724"},{"name":"OCAMPO","prov_code":"0517","mun_code":"051725"},{"name":"PAMPLONA","prov_code":"0517","mun_code":"051726"},{"name":"PASACAO","prov_code":"0517","mun_code":"051727"},{"name":"PILI (Capital)","prov_code":"0517","mun_code":"051728"},{"name":"PRESENTACION (PARUBCAN)","prov_code":"0517","mun_code":"051729"},{"name":"RAGAY","prov_code":"0517","mun_code":"051730"},{"name":"SAN FERNANDO","prov_code":"0517","mun_code":"051732"},{"name":"SAN JOSE","prov_code":"0517","mun_code":"051733"},{"name":"SIPOCOT","prov_code":"0517","mun_code":"051734"},{"name":"SIRUMA","prov_code":"0517","mun_code":"051735"},{"name":"TIGAON","prov_code":"0517","mun_code":"051736"},{"name":"TINAMBAC","prov_code":"0517","mun_code":"051737"},{"name":"BAGAMANOC","prov_code":"0520","mun_code":"052001"},{"name":"BARAS","prov_code":"0520","mun_code":"052002"},{"name":"BATO","prov_code":"0520","mun_code":"052003"},{"name":"CARAMORAN","prov_code":"0520","mun_code":"052004"},{"name":"GIGMOTO","prov_code":"0520","mun_code":"052005"},{"name":"PANDAN","prov_code":"0520","mun_code":"052006"},{"name":"PANGANIBAN (PAYO)","prov_code":"0520","mun_code":"052007"},{"name":"SAN ANDRES (CALOLBON)","prov_code":"0520","mun_code":"052008"},{"name":"SAN MIGUEL","prov_code":"0520","mun_code":"052009"},{"name":"VIGA","prov_code":"0520","mun_code":"052010"},{"name":"VIRAC (Capital)","prov_code":"0520","mun_code":"052011"},{"name":"AROROY","prov_code":"0541","mun_code":"054101"},{"name":"BALENO","prov_code":"0541","mun_code":"054102"},{"name":"BALUD","prov_code":"0541","mun_code":"054103"},{"name":"BATUAN","prov_code":"0541","mun_code":"054104"},{"name":"CATAINGAN","prov_code":"0541","mun_code":"054105"},{"name":"CAWAYAN","prov_code":"0541","mun_code":"054106"},{"name":"CLAVERIA","prov_code":"0541","mun_code":"054107"},{"name":"DIMASALANG","prov_code":"0541","mun_code":"054108"},{"name":"ESPERANZA","prov_code":"0541","mun_code":"054109"},{"name":"MANDAON","prov_code":"0541","mun_code":"054110"},{"name":"CITY OF MASBATE (Capital)","prov_code":"0541","mun_code":"054111"},{"name":"MILAGROS","prov_code":"0541","mun_code":"054112"},{"name":"MOBO","prov_code":"0541","mun_code":"054113"},{"name":"MONREAL","prov_code":"0541","mun_code":"054114"},{"name":"PALANAS","prov_code":"0541","mun_code":"054115"},{"name":"PIO V. CORPUZ (LIMBUHAN)","prov_code":"0541","mun_code":"054116"},{"name":"PLACER","prov_code":"0541","mun_code":"054117"},{"name":"SAN FERNANDO","prov_code":"0541","mun_code":"054118"},{"name":"SAN JACINTO","prov_code":"0541","mun_code":"054119"},{"name":"SAN PASCUAL","prov_code":"0541","mun_code":"054120"},{"name":"USON","prov_code":"0541","mun_code":"054121"},{"name":"BARCELONA","prov_code":"0562","mun_code":"056202"},{"name":"BULAN","prov_code":"0562","mun_code":"056203"},{"name":"BULUSAN","prov_code":"0562","mun_code":"056204"},{"name":"CASIGURAN","prov_code":"0562","mun_code":"056205"},{"name":"CASTILLA","prov_code":"0562","mun_code":"056206"},{"name":"DONSOL","prov_code":"0562","mun_code":"056207"},{"name":"GUBAT","prov_code":"0562","mun_code":"056208"},{"name":"IROSIN","prov_code":"0562","mun_code":"056209"},{"name":"JUBAN","prov_code":"0562","mun_code":"056210"},{"name":"MAGALLANES","prov_code":"0562","mun_code":"056211"},{"name":"MATNOG","prov_code":"0562","mun_code":"056212"},{"name":"PILAR","prov_code":"0562","mun_code":"056213"},{"name":"PRIETO DIAZ","prov_code":"0562","mun_code":"056214"},{"name":"SANTA MAGDALENA","prov_code":"0562","mun_code":"056215"},{"name":"CITY OF SORSOGON (Capital)","prov_code":"0562","mun_code":"056216"},{"name":"ALTAVAS","prov_code":"0604","mun_code":"060401"},{"name":"BALETE","prov_code":"0604","mun_code":"060402"},{"name":"BANGA","prov_code":"0604","mun_code":"060403"},{"name":"BATAN","prov_code":"0604","mun_code":"060404"},{"name":"BURUANGA","prov_code":"0604","mun_code":"060405"},{"name":"IBAJAY","prov_code":"0604","mun_code":"060406"},{"name":"KALIBO (Capital)","prov_code":"0604","mun_code":"060407"},{"name":"LEZO","prov_code":"0604","mun_code":"060408"},{"name":"LIBACAO","prov_code":"0604","mun_code":"060409"},{"name":"MADALAG","prov_code":"0604","mun_code":"060410"},{"name":"MAKATO","prov_code":"0604","mun_code":"060411"},{"name":"MALAY","prov_code":"0604","mun_code":"060412"},{"name":"MALINAO","prov_code":"0604","mun_code":"060413"},{"name":"NABAS","prov_code":"0604","mun_code":"060414"},{"name":"NEW WASHINGTON","prov_code":"0604","mun_code":"060415"},{"name":"NUMANCIA","prov_code":"0604","mun_code":"060416"},{"name":"TANGALAN","prov_code":"0604","mun_code":"060417"},{"name":"ANINI-Y","prov_code":"0606","mun_code":"060601"},{"name":"BARBAZA","prov_code":"0606","mun_code":"060602"},{"name":"BELISON","prov_code":"0606","mun_code":"060603"},{"name":"BUGASONG","prov_code":"0606","mun_code":"060604"},{"name":"CALUYA","prov_code":"0606","mun_code":"060605"},{"name":"CULASI","prov_code":"0606","mun_code":"060606"},{"name":"TOBIAS FORNIER (DAO)","prov_code":"0606","mun_code":"060607"},{"name":"HAMTIC","prov_code":"0606","mun_code":"060608"},{"name":"LAUA-AN","prov_code":"0606","mun_code":"060609"},{"name":"LIBERTAD","prov_code":"0606","mun_code":"060610"},{"name":"PANDAN","prov_code":"0606","mun_code":"060611"},{"name":"PATNONGON","prov_code":"0606","mun_code":"060612"},{"name":"SAN JOSE (Capital)","prov_code":"0606","mun_code":"060613"},{"name":"SAN REMIGIO","prov_code":"0606","mun_code":"060614"},{"name":"SEBASTE","prov_code":"0606","mun_code":"060615"},{"name":"SIBALOM","prov_code":"0606","mun_code":"060616"},{"name":"TIBIAO","prov_code":"0606","mun_code":"060617"},{"name":"VALDERRAMA","prov_code":"0606","mun_code":"060618"},{"name":"CUARTERO","prov_code":"0619","mun_code":"061901"},{"name":"DAO","prov_code":"0619","mun_code":"061902"},{"name":"DUMALAG","prov_code":"0619","mun_code":"061903"},{"name":"DUMARAO","prov_code":"0619","mun_code":"061904"},{"name":"IVISAN","prov_code":"0619","mun_code":"061905"},{"name":"JAMINDAN","prov_code":"0619","mun_code":"061906"},{"name":"MA-AYON","prov_code":"0619","mun_code":"061907"},{"name":"MAMBUSAO","prov_code":"0619","mun_code":"061908"},{"name":"PANAY","prov_code":"0619","mun_code":"061909"},{"name":"PANITAN","prov_code":"0619","mun_code":"061910"},{"name":"PILAR","prov_code":"0619","mun_code":"061911"},{"name":"PONTEVEDRA","prov_code":"0619","mun_code":"061912"},{"name":"PRESIDENT ROXAS","prov_code":"0619","mun_code":"061913"},{"name":"ROXAS CITY (Capital)","prov_code":"0619","mun_code":"061914"},{"name":"SAPI-AN","prov_code":"0619","mun_code":"061915"},{"name":"SIGMA","prov_code":"0619","mun_code":"061916"},{"name":"TAPAZ","prov_code":"0619","mun_code":"061917"},{"name":"AJUY","prov_code":"0630","mun_code":"063001"},{"name":"ALIMODIAN","prov_code":"0630","mun_code":"063002"},{"name":"ANILAO","prov_code":"0630","mun_code":"063003"},{"name":"BADIANGAN","prov_code":"0630","mun_code":"063004"},{"name":"BALASAN","prov_code":"0630","mun_code":"063005"},{"name":"BANATE","prov_code":"0630","mun_code":"063006"},{"name":"BAROTAC NUEVO","prov_code":"0630","mun_code":"063007"},{"name":"BAROTAC VIEJO","prov_code":"0630","mun_code":"063008"},{"name":"BATAD","prov_code":"0630","mun_code":"063009"},{"name":"BINGAWAN","prov_code":"0630","mun_code":"063010"},{"name":"CABATUAN","prov_code":"0630","mun_code":"063012"},{"name":"CALINOG","prov_code":"0630","mun_code":"063013"},{"name":"CARLES","prov_code":"0630","mun_code":"063014"},{"name":"CONCEPCION","prov_code":"0630","mun_code":"063015"},{"name":"DINGLE","prov_code":"0630","mun_code":"063016"},{"name":"DUMANGAS","prov_code":"0630","mun_code":"063018"},{"name":"ESTANCIA","prov_code":"0630","mun_code":"063019"},{"name":"GUIMBAL","prov_code":"0630","mun_code":"063020"},{"name":"IGBARAS","prov_code":"0630","mun_code":"063021"},{"name":"ILOILO CITY (Capital)","prov_code":"0630","mun_code":"063022"},{"name":"JANIUAY","prov_code":"0630","mun_code":"063023"},{"name":"LAMBUNAO","prov_code":"0630","mun_code":"063025"},{"name":"LEGANES","prov_code":"0630","mun_code":"063026"},{"name":"LEMERY","prov_code":"0630","mun_code":"063027"},{"name":"LEON","prov_code":"0630","mun_code":"063028"},{"name":"MAASIN","prov_code":"0630","mun_code":"063029"},{"name":"MIAGAO","prov_code":"0630","mun_code":"063030"},{"name":"MINA","prov_code":"0630","mun_code":"063031"},{"name":"NEW LUCENA","prov_code":"0630","mun_code":"063032"},{"name":"OTON","prov_code":"0630","mun_code":"063034"},{"name":"CITY OF PASSI","prov_code":"0630","mun_code":"063035"},{"name":"PAVIA","prov_code":"0630","mun_code":"063036"},{"name":"POTOTAN","prov_code":"0630","mun_code":"063037"},{"name":"SAN DIONISIO","prov_code":"0630","mun_code":"063038"},{"name":"SAN ENRIQUE","prov_code":"0630","mun_code":"063039"},{"name":"SAN JOAQUIN","prov_code":"0630","mun_code":"063040"},{"name":"SAN MIGUEL","prov_code":"0630","mun_code":"063041"},{"name":"SAN RAFAEL","prov_code":"0630","mun_code":"063042"},{"name":"SANTA BARBARA","prov_code":"0630","mun_code":"063043"},{"name":"SARA","prov_code":"0630","mun_code":"063044"},{"name":"TIGBAUAN","prov_code":"0630","mun_code":"063045"},{"name":"TUBUNGAN","prov_code":"0630","mun_code":"063046"},{"name":"ZARRAGA","prov_code":"0630","mun_code":"063047"},{"name":"BACOLOD CITY (Capital)","prov_code":"0645","mun_code":"064501"},{"name":"BAGO CITY","prov_code":"0645","mun_code":"064502"},{"name":"BINALBAGAN","prov_code":"0645","mun_code":"064503"},{"name":"CADIZ CITY","prov_code":"0645","mun_code":"064504"},{"name":"CALATRAVA","prov_code":"0645","mun_code":"064505"},{"name":"CANDONI","prov_code":"0645","mun_code":"064506"},{"name":"CAUAYAN","prov_code":"0645","mun_code":"064507"},{"name":"ENRIQUE B. MAGALONA (SARAVIA)","prov_code":"0645","mun_code":"064508"},{"name":"CITY OF ESCALANTE","prov_code":"0645","mun_code":"064509"},{"name":"CITY OF HIMAMAYLAN","prov_code":"0645","mun_code":"064510"},{"name":"HINIGARAN","prov_code":"0645","mun_code":"064511"},{"name":"HINOBA-AN (ASIA)","prov_code":"0645","mun_code":"064512"},{"name":"ILOG","prov_code":"0645","mun_code":"064513"},{"name":"ISABELA","prov_code":"0645","mun_code":"064514"},{"name":"CITY OF KABANKALAN","prov_code":"0645","mun_code":"064515"},{"name":"LA CARLOTA CITY","prov_code":"0645","mun_code":"064516"},{"name":"LA CASTELLANA","prov_code":"0645","mun_code":"064517"},{"name":"MANAPLA","prov_code":"0645","mun_code":"064518"},{"name":"MOISES PADILLA (MAGALLON)","prov_code":"0645","mun_code":"064519"},{"name":"MURCIA","prov_code":"0645","mun_code":"064520"},{"name":"PONTEVEDRA","prov_code":"0645","mun_code":"064521"},{"name":"PULUPANDAN","prov_code":"0645","mun_code":"064522"},{"name":"SAGAY CITY","prov_code":"0645","mun_code":"064523"},{"name":"SAN CARLOS CITY","prov_code":"0645","mun_code":"064524"},{"name":"SAN ENRIQUE","prov_code":"0645","mun_code":"064525"},{"name":"SILAY CITY","prov_code":"0645","mun_code":"064526"},{"name":"CITY OF SIPALAY","prov_code":"0645","mun_code":"064527"},{"name":"CITY OF TALISAY","prov_code":"0645","mun_code":"064528"},{"name":"TOBOSO","prov_code":"0645","mun_code":"064529"},{"name":"VALLADOLID","prov_code":"0645","mun_code":"064530"},{"name":"CITY OF VICTORIAS","prov_code":"0645","mun_code":"064531"},{"name":"SALVADOR BENEDICTO","prov_code":"0645","mun_code":"064532"},{"name":"BUENAVISTA","prov_code":"0679","mun_code":"067901"},{"name":"JORDAN (Capital)","prov_code":"0679","mun_code":"067902"},{"name":"NUEVA VALENCIA","prov_code":"0679","mun_code":"067903"},{"name":"SAN LORENZO","prov_code":"0679","mun_code":"067904"},{"name":"SIBUNAG","prov_code":"0679","mun_code":"067905"},{"name":"ALBURQUERQUE","prov_code":"0712","mun_code":"071201"},{"name":"ALICIA","prov_code":"0712","mun_code":"071202"},{"name":"ANDA","prov_code":"0712","mun_code":"071203"},{"name":"ANTEQUERA","prov_code":"0712","mun_code":"071204"},{"name":"BACLAYON","prov_code":"0712","mun_code":"071205"},{"name":"BALILIHAN","prov_code":"0712","mun_code":"071206"},{"name":"BATUAN","prov_code":"0712","mun_code":"071207"},{"name":"BILAR","prov_code":"0712","mun_code":"071208"},{"name":"BUENAVISTA","prov_code":"0712","mun_code":"071209"},{"name":"CALAPE","prov_code":"0712","mun_code":"071210"},{"name":"CANDIJAY","prov_code":"0712","mun_code":"071211"},{"name":"CARMEN","prov_code":"0712","mun_code":"071212"},{"name":"CATIGBIAN","prov_code":"0712","mun_code":"071213"},{"name":"CLARIN","prov_code":"0712","mun_code":"071214"},{"name":"CORELLA","prov_code":"0712","mun_code":"071215"},{"name":"CORTES","prov_code":"0712","mun_code":"071216"},{"name":"DAGOHOY","prov_code":"0712","mun_code":"071217"},{"name":"DANAO","prov_code":"0712","mun_code":"071218"},{"name":"DAUIS","prov_code":"0712","mun_code":"071219"},{"name":"DIMIAO","prov_code":"0712","mun_code":"071220"},{"name":"DUERO","prov_code":"0712","mun_code":"071221"},{"name":"GARCIA HERNANDEZ","prov_code":"0712","mun_code":"071222"},{"name":"GUINDULMAN","prov_code":"0712","mun_code":"071223"},{"name":"INABANGA","prov_code":"0712","mun_code":"071224"},{"name":"JAGNA","prov_code":"0712","mun_code":"071225"},{"name":"JETAFE","prov_code":"0712","mun_code":"071226"},{"name":"LILA","prov_code":"0712","mun_code":"071227"},{"name":"LOAY","prov_code":"0712","mun_code":"071228"},{"name":"LOBOC","prov_code":"0712","mun_code":"071229"},{"name":"LOON","prov_code":"0712","mun_code":"071230"},{"name":"MABINI","prov_code":"0712","mun_code":"071231"},{"name":"MARIBOJOC","prov_code":"0712","mun_code":"071232"},{"name":"PANGLAO","prov_code":"0712","mun_code":"071233"},{"name":"PILAR","prov_code":"0712","mun_code":"071234"},{"name":"PRES. CARLOS P. GARCIA (PITOGO)","prov_code":"0712","mun_code":"071235"},{"name":"SAGBAYAN (BORJA)","prov_code":"0712","mun_code":"071236"},{"name":"SAN ISIDRO","prov_code":"0712","mun_code":"071237"},{"name":"SAN MIGUEL","prov_code":"0712","mun_code":"071238"},{"name":"SEVILLA","prov_code":"0712","mun_code":"071239"},{"name":"SIERRA BULLONES","prov_code":"0712","mun_code":"071240"},{"name":"SIKATUNA","prov_code":"0712","mun_code":"071241"},{"name":"TAGBILARAN CITY (Capital)","prov_code":"0712","mun_code":"071242"},{"name":"TALIBON","prov_code":"0712","mun_code":"071243"},{"name":"TRINIDAD","prov_code":"0712","mun_code":"071244"},{"name":"TUBIGON","prov_code":"0712","mun_code":"071245"},{"name":"UBAY","prov_code":"0712","mun_code":"071246"},{"name":"VALENCIA","prov_code":"0712","mun_code":"071247"},{"name":"BIEN UNIDO","prov_code":"0712","mun_code":"071248"},{"name":"ALCANTARA","prov_code":"0722","mun_code":"072201"},{"name":"ALCOY","prov_code":"0722","mun_code":"072202"},{"name":"ALEGRIA","prov_code":"0722","mun_code":"072203"},{"name":"ALOGUINSAN","prov_code":"0722","mun_code":"072204"},{"name":"ARGAO","prov_code":"0722","mun_code":"072205"},{"name":"ASTURIAS","prov_code":"0722","mun_code":"072206"},{"name":"BADIAN","prov_code":"0722","mun_code":"072207"},{"name":"BALAMBAN","prov_code":"0722","mun_code":"072208"},{"name":"BANTAYAN","prov_code":"0722","mun_code":"072209"},{"name":"BARILI","prov_code":"0722","mun_code":"072210"},{"name":"CITY OF BOGO","prov_code":"0722","mun_code":"072211"},{"name":"BOLJOON","prov_code":"0722","mun_code":"072212"},{"name":"BORBON","prov_code":"0722","mun_code":"072213"},{"name":"CITY OF CARCAR","prov_code":"0722","mun_code":"072214"},{"name":"CARMEN","prov_code":"0722","mun_code":"072215"},{"name":"CATMON","prov_code":"0722","mun_code":"072216"},{"name":"CEBU CITY (Capital)","prov_code":"0722","mun_code":"072217"},{"name":"COMPOSTELA","prov_code":"0722","mun_code":"072218"},{"name":"CONSOLACION","prov_code":"0722","mun_code":"072219"},{"name":"CORDOVA","prov_code":"0722","mun_code":"072220"},{"name":"DAANBANTAYAN","prov_code":"0722","mun_code":"072221"},{"name":"DALAGUETE","prov_code":"0722","mun_code":"072222"},{"name":"DANAO CITY","prov_code":"0722","mun_code":"072223"},{"name":"DUMANJUG","prov_code":"0722","mun_code":"072224"},{"name":"GINATILAN","prov_code":"0722","mun_code":"072225"},{"name":"LAPU-LAPU CITY (OPON)","prov_code":"0722","mun_code":"072226"},{"name":"LILOAN","prov_code":"0722","mun_code":"072227"},{"name":"MADRIDEJOS","prov_code":"0722","mun_code":"072228"},{"name":"MALABUYOC","prov_code":"0722","mun_code":"072229"},{"name":"MANDAUE CITY","prov_code":"0722","mun_code":"072230"},{"name":"MEDELLIN","prov_code":"0722","mun_code":"072231"},{"name":"MINGLANILLA","prov_code":"0722","mun_code":"072232"},{"name":"MOALBOAL","prov_code":"0722","mun_code":"072233"},{"name":"CITY OF NAGA","prov_code":"0722","mun_code":"072234"},{"name":"OSLOB","prov_code":"0722","mun_code":"072235"},{"name":"PILAR","prov_code":"0722","mun_code":"072236"},{"name":"PINAMUNGAHAN","prov_code":"0722","mun_code":"072237"},{"name":"PORO","prov_code":"0722","mun_code":"072238"},{"name":"RONDA","prov_code":"0722","mun_code":"072239"},{"name":"SAMBOAN","prov_code":"0722","mun_code":"072240"},{"name":"SAN FERNANDO","prov_code":"0722","mun_code":"072241"},{"name":"SAN FRANCISCO","prov_code":"0722","mun_code":"072242"},{"name":"SAN REMIGIO","prov_code":"0722","mun_code":"072243"},{"name":"SANTA FE","prov_code":"0722","mun_code":"072244"},{"name":"SANTANDER","prov_code":"0722","mun_code":"072245"},{"name":"SIBONGA","prov_code":"0722","mun_code":"072246"},{"name":"SOGOD","prov_code":"0722","mun_code":"072247"},{"name":"TABOGON","prov_code":"0722","mun_code":"072248"},{"name":"TABUELAN","prov_code":"0722","mun_code":"072249"},{"name":"CITY OF TALISAY","prov_code":"0722","mun_code":"072250"},{"name":"TOLEDO CITY","prov_code":"0722","mun_code":"072251"},{"name":"TUBURAN","prov_code":"0722","mun_code":"072252"},{"name":"TUDELA","prov_code":"0722","mun_code":"072253"},{"name":"AMLAN (AYUQUITAN)","prov_code":"0746","mun_code":"074601"},{"name":"AYUNGON","prov_code":"0746","mun_code":"074602"},{"name":"BACONG","prov_code":"0746","mun_code":"074603"},{"name":"BAIS CITY","prov_code":"0746","mun_code":"074604"},{"name":"BASAY","prov_code":"0746","mun_code":"074605"},{"name":"CITY OF BAYAWAN (TULONG)","prov_code":"0746","mun_code":"074606"},{"name":"BINDOY (PAYABON)","prov_code":"0746","mun_code":"074607"},{"name":"CANLAON CITY","prov_code":"0746","mun_code":"074608"},{"name":"DAUIN","prov_code":"0746","mun_code":"074609"},{"name":"DUMAGUETE CITY (Capital)","prov_code":"0746","mun_code":"074610"},{"name":"CITY OF GUIHULNGAN","prov_code":"0746","mun_code":"074611"},{"name":"JIMALALUD","prov_code":"0746","mun_code":"074612"},{"name":"LA LIBERTAD","prov_code":"0746","mun_code":"074613"},{"name":"MABINAY","prov_code":"0746","mun_code":"074614"},{"name":"MANJUYOD","prov_code":"0746","mun_code":"074615"},{"name":"PAMPLONA","prov_code":"0746","mun_code":"074616"},{"name":"SAN JOSE","prov_code":"0746","mun_code":"074617"},{"name":"SANTA CATALINA","prov_code":"0746","mun_code":"074618"},{"name":"SIATON","prov_code":"0746","mun_code":"074619"},{"name":"SIBULAN","prov_code":"0746","mun_code":"074620"},{"name":"CITY OF TANJAY","prov_code":"0746","mun_code":"074621"},{"name":"TAYASAN","prov_code":"0746","mun_code":"074622"},{"name":"VALENCIA (LUZURRIAGA)","prov_code":"0746","mun_code":"074623"},{"name":"VALLEHERMOSO","prov_code":"0746","mun_code":"074624"},{"name":"ZAMBOANGUITA","prov_code":"0746","mun_code":"074625"},{"name":"ENRIQUE VILLANUEVA","prov_code":"0761","mun_code":"076101"},{"name":"LARENA","prov_code":"0761","mun_code":"076102"},{"name":"LAZI","prov_code":"0761","mun_code":"076103"},{"name":"MARIA","prov_code":"0761","mun_code":"076104"},{"name":"SAN JUAN","prov_code":"0761","mun_code":"076105"},{"name":"SIQUIJOR (Capital)","prov_code":"0761","mun_code":"076106"},{"name":"ARTECHE","prov_code":"0826","mun_code":"082601"},{"name":"BALANGIGA","prov_code":"0826","mun_code":"082602"},{"name":"BALANGKAYAN","prov_code":"0826","mun_code":"082603"},{"name":"CITY OF BORONGAN (Capital)","prov_code":"0826","mun_code":"082604"},{"name":"CAN-AVID","prov_code":"0826","mun_code":"082605"},{"name":"DOLORES","prov_code":"0826","mun_code":"082606"},{"name":"GENERAL MACARTHUR","prov_code":"0826","mun_code":"082607"},{"name":"GIPORLOS","prov_code":"0826","mun_code":"082608"},{"name":"GUIUAN","prov_code":"0826","mun_code":"082609"},{"name":"HERNANI","prov_code":"0826","mun_code":"082610"},{"name":"JIPAPAD","prov_code":"0826","mun_code":"082611"},{"name":"LAWAAN","prov_code":"0826","mun_code":"082612"},{"name":"LLORENTE","prov_code":"0826","mun_code":"082613"},{"name":"MASLOG","prov_code":"0826","mun_code":"082614"},{"name":"MAYDOLONG","prov_code":"0826","mun_code":"082615"},{"name":"MERCEDES","prov_code":"0826","mun_code":"082616"},{"name":"ORAS","prov_code":"0826","mun_code":"082617"},{"name":"QUINAPONDAN","prov_code":"0826","mun_code":"082618"},{"name":"SALCEDO","prov_code":"0826","mun_code":"082619"},{"name":"SAN JULIAN","prov_code":"0826","mun_code":"082620"},{"name":"SAN POLICARPO","prov_code":"0826","mun_code":"082621"},{"name":"SULAT","prov_code":"0826","mun_code":"082622"},{"name":"TAFT","prov_code":"0826","mun_code":"082623"},{"name":"ABUYOG","prov_code":"0837","mun_code":"083701"},{"name":"ALANGALANG","prov_code":"0837","mun_code":"083702"},{"name":"ALBUERA","prov_code":"0837","mun_code":"083703"},{"name":"BABATNGON","prov_code":"0837","mun_code":"083705"},{"name":"BARUGO","prov_code":"0837","mun_code":"083706"},{"name":"BATO","prov_code":"0837","mun_code":"083707"},{"name":"CITY OF BAYBAY","prov_code":"0837","mun_code":"083708"},{"name":"BURAUEN","prov_code":"0837","mun_code":"083710"},{"name":"CALUBIAN","prov_code":"0837","mun_code":"083713"},{"name":"CAPOOCAN","prov_code":"0837","mun_code":"083714"},{"name":"CARIGARA","prov_code":"0837","mun_code":"083715"},{"name":"DAGAMI","prov_code":"0837","mun_code":"083717"},{"name":"DULAG","prov_code":"0837","mun_code":"083718"},{"name":"HILONGOS","prov_code":"0837","mun_code":"083719"},{"name":"HINDANG","prov_code":"0837","mun_code":"083720"},{"name":"INOPACAN","prov_code":"0837","mun_code":"083721"},{"name":"ISABEL","prov_code":"0837","mun_code":"083722"},{"name":"JARO","prov_code":"0837","mun_code":"083723"},{"name":"JAVIER (BUGHO)","prov_code":"0837","mun_code":"083724"},{"name":"JULITA","prov_code":"0837","mun_code":"083725"},{"name":"KANANGA","prov_code":"0837","mun_code":"083726"},{"name":"LA PAZ","prov_code":"0837","mun_code":"083728"},{"name":"LEYTE","prov_code":"0837","mun_code":"083729"},{"name":"MACARTHUR","prov_code":"0837","mun_code":"083730"},{"name":"MAHAPLAG","prov_code":"0837","mun_code":"083731"},{"name":"MATAG-OB","prov_code":"0837","mun_code":"083733"},{"name":"MATALOM","prov_code":"0837","mun_code":"083734"},{"name":"MAYORGA","prov_code":"0837","mun_code":"083735"},{"name":"MERIDA","prov_code":"0837","mun_code":"083736"},{"name":"ORMOC CITY","prov_code":"0837","mun_code":"083738"},{"name":"PALO","prov_code":"0837","mun_code":"083739"},{"name":"PALOMPON","prov_code":"0837","mun_code":"083740"},{"name":"PASTRANA","prov_code":"0837","mun_code":"083741"},{"name":"SAN ISIDRO","prov_code":"0837","mun_code":"083742"},{"name":"SAN MIGUEL","prov_code":"0837","mun_code":"083743"},{"name":"SANTA FE","prov_code":"0837","mun_code":"083744"},{"name":"TABANGO","prov_code":"0837","mun_code":"083745"},{"name":"TABONTABON","prov_code":"0837","mun_code":"083746"},{"name":"TACLOBAN CITY (Capital)","prov_code":"0837","mun_code":"083747"},{"name":"TANAUAN","prov_code":"0837","mun_code":"083748"},{"name":"TOLOSA","prov_code":"0837","mun_code":"083749"},{"name":"TUNGA","prov_code":"0837","mun_code":"083750"},{"name":"VILLABA","prov_code":"0837","mun_code":"083751"},{"name":"ALLEN","prov_code":"0848","mun_code":"084801"},{"name":"BIRI","prov_code":"0848","mun_code":"084802"},{"name":"BOBON","prov_code":"0848","mun_code":"084803"},{"name":"CAPUL","prov_code":"0848","mun_code":"084804"},{"name":"CATARMAN (Capital)","prov_code":"0848","mun_code":"084805"},{"name":"CATUBIG","prov_code":"0848","mun_code":"084806"},{"name":"GAMAY","prov_code":"0848","mun_code":"084807"},{"name":"LAOANG","prov_code":"0848","mun_code":"084808"},{"name":"LAPINIG","prov_code":"0848","mun_code":"084809"},{"name":"LAS NAVAS","prov_code":"0848","mun_code":"084810"},{"name":"LAVEZARES","prov_code":"0848","mun_code":"084811"},{"name":"MAPANAS","prov_code":"0848","mun_code":"084812"},{"name":"MONDRAGON","prov_code":"0848","mun_code":"084813"},{"name":"PALAPAG","prov_code":"0848","mun_code":"084814"},{"name":"PAMBUJAN","prov_code":"0848","mun_code":"084815"},{"name":"ROSARIO","prov_code":"0848","mun_code":"084816"},{"name":"SAN ANTONIO","prov_code":"0848","mun_code":"084817"},{"name":"SAN ISIDRO","prov_code":"0848","mun_code":"084818"},{"name":"SAN JOSE","prov_code":"0848","mun_code":"084819"},{"name":"SAN ROQUE","prov_code":"0848","mun_code":"084820"},{"name":"SAN VICENTE","prov_code":"0848","mun_code":"084821"},{"name":"SILVINO LOBOS","prov_code":"0848","mun_code":"084822"},{"name":"VICTORIA","prov_code":"0848","mun_code":"084823"},{"name":"LOPE DE VEGA","prov_code":"0848","mun_code":"084824"},{"name":"ALMAGRO","prov_code":"0860","mun_code":"086001"},{"name":"BASEY","prov_code":"0860","mun_code":"086002"},{"name":"CALBAYOG CITY","prov_code":"0860","mun_code":"086003"},{"name":"CALBIGA","prov_code":"0860","mun_code":"086004"},{"name":"CITY OF CATBALOGAN (Capital)","prov_code":"0860","mun_code":"086005"},{"name":"DARAM","prov_code":"0860","mun_code":"086006"},{"name":"GANDARA","prov_code":"0860","mun_code":"086007"},{"name":"HINABANGAN","prov_code":"0860","mun_code":"086008"},{"name":"JIABONG","prov_code":"0860","mun_code":"086009"},{"name":"MARABUT","prov_code":"0860","mun_code":"086010"},{"name":"MATUGUINAO","prov_code":"0860","mun_code":"086011"},{"name":"MOTIONG","prov_code":"0860","mun_code":"086012"},{"name":"PINABACDAO","prov_code":"0860","mun_code":"086013"},{"name":"SAN JOSE DE BUAN","prov_code":"0860","mun_code":"086014"},{"name":"SAN SEBASTIAN","prov_code":"0860","mun_code":"086015"},{"name":"SANTA MARGARITA","prov_code":"0860","mun_code":"086016"},{"name":"SANTA RITA","prov_code":"0860","mun_code":"086017"},{"name":"TALALORA","prov_code":"0860","mun_code":"086019"},{"name":"TARANGNAN","prov_code":"0860","mun_code":"086020"},{"name":"VILLAREAL","prov_code":"0860","mun_code":"086021"},{"name":"PARANAS (WRIGHT)","prov_code":"0860","mun_code":"086022"},{"name":"ZUMARRAGA","prov_code":"0860","mun_code":"086023"},{"name":"TAGAPUL-AN","prov_code":"0860","mun_code":"086024"},{"name":"SAN JORGE","prov_code":"0860","mun_code":"086025"},{"name":"PAGSANGHAN","prov_code":"0860","mun_code":"086026"},{"name":"ANAHAWAN","prov_code":"0864","mun_code":"086401"},{"name":"BONTOC","prov_code":"0864","mun_code":"086402"},{"name":"HINUNANGAN","prov_code":"0864","mun_code":"086403"},{"name":"HINUNDAYAN","prov_code":"0864","mun_code":"086404"},{"name":"LIBAGON","prov_code":"0864","mun_code":"086405"},{"name":"LILOAN","prov_code":"0864","mun_code":"086406"},{"name":"CITY OF MAASIN (Capital)","prov_code":"0864","mun_code":"086407"},{"name":"MACROHON","prov_code":"0864","mun_code":"086408"},{"name":"MALITBOG","prov_code":"0864","mun_code":"086409"},{"name":"PADRE BURGOS","prov_code":"0864","mun_code":"086410"},{"name":"PINTUYAN","prov_code":"0864","mun_code":"086411"},{"name":"SAINT BERNARD","prov_code":"0864","mun_code":"086412"},{"name":"SAN FRANCISCO","prov_code":"0864","mun_code":"086413"},{"name":"SAN JUAN (CABALIAN)","prov_code":"0864","mun_code":"086414"},{"name":"SAN RICARDO","prov_code":"0864","mun_code":"086415"},{"name":"SILAGO","prov_code":"0864","mun_code":"086416"},{"name":"SOGOD","prov_code":"0864","mun_code":"086417"},{"name":"TOMAS OPPUS","prov_code":"0864","mun_code":"086418"},{"name":"LIMASAWA","prov_code":"0864","mun_code":"086419"},{"name":"ALMERIA","prov_code":"0878","mun_code":"087801"},{"name":"BILIRAN","prov_code":"0878","mun_code":"087802"},{"name":"CABUCGAYAN","prov_code":"0878","mun_code":"087803"},{"name":"CAIBIRAN","prov_code":"0878","mun_code":"087804"},{"name":"CULABA","prov_code":"0878","mun_code":"087805"},{"name":"KAWAYAN","prov_code":"0878","mun_code":"087806"},{"name":"MARIPIPI","prov_code":"0878","mun_code":"087807"},{"name":"NAVAL (Capital)","prov_code":"0878","mun_code":"087808"},{"name":"DAPITAN CITY","prov_code":"0972","mun_code":"097201"},{"name":"DIPOLOG CITY (Capital)","prov_code":"0972","mun_code":"097202"},{"name":"KATIPUNAN","prov_code":"0972","mun_code":"097203"},{"name":"LA LIBERTAD","prov_code":"0972","mun_code":"097204"},{"name":"LABASON","prov_code":"0972","mun_code":"097205"},{"name":"LILOY","prov_code":"0972","mun_code":"097206"},{"name":"MANUKAN","prov_code":"0972","mun_code":"097207"},{"name":"MUTIA","prov_code":"0972","mun_code":"097208"},{"name":"POLANCO","prov_code":"0972","mun_code":"097210"},{"name":"PRES. MANUEL A. ROXAS","prov_code":"0972","mun_code":"097211"},{"name":"RIZAL","prov_code":"0972","mun_code":"097212"},{"name":"SALUG","prov_code":"0972","mun_code":"097213"},{"name":"SIAYAN","prov_code":"0972","mun_code":"097215"},{"name":"SIBUCO","prov_code":"0972","mun_code":"097216"},{"name":"SIBUTAD","prov_code":"0972","mun_code":"097217"},{"name":"SINDANGAN","prov_code":"0972","mun_code":"097218"},{"name":"SIOCON","prov_code":"0972","mun_code":"097219"},{"name":"SIRAWAI","prov_code":"0972","mun_code":"097220"},{"name":"TAMPILISAN","prov_code":"0972","mun_code":"097221"},{"name":"JOSE DALMAN (PONOT)","prov_code":"0972","mun_code":"097222"},{"name":"GUTALAC","prov_code":"0972","mun_code":"097223"},{"name":"BALIGUIAN","prov_code":"0972","mun_code":"097224"},{"name":"GODOD","prov_code":"0972","mun_code":"097225"},{"name":"BACUNGAN (Leon T. Postigo)","prov_code":"0972","mun_code":"097226"},{"name":"KALAWIT","prov_code":"0972","mun_code":"097227"},{"name":"AURORA","prov_code":"0973","mun_code":"097302"},{"name":"BAYOG","prov_code":"0973","mun_code":"097303"},{"name":"DIMATALING","prov_code":"0973","mun_code":"097305"},{"name":"DINAS","prov_code":"0973","mun_code":"097306"},{"name":"DUMALINAO","prov_code":"0973","mun_code":"097307"},{"name":"DUMINGAG","prov_code":"0973","mun_code":"097308"},{"name":"KUMALARANG","prov_code":"0973","mun_code":"097311"},{"name":"LABANGAN","prov_code":"0973","mun_code":"097312"},{"name":"LAPUYAN","prov_code":"0973","mun_code":"097313"},{"name":"MAHAYAG","prov_code":"0973","mun_code":"097315"},{"name":"MARGOSATUBIG","prov_code":"0973","mun_code":"097317"},{"name":"MIDSALIP","prov_code":"0973","mun_code":"097318"},{"name":"MOLAVE","prov_code":"0973","mun_code":"097319"},{"name":"PAGADIAN CITY (Capital)","prov_code":"0973","mun_code":"097322"},{"name":"RAMON MAGSAYSAY (LIARGO)","prov_code":"0973","mun_code":"097323"},{"name":"SAN MIGUEL","prov_code":"0973","mun_code":"097324"},{"name":"SAN PABLO","prov_code":"0973","mun_code":"097325"},{"name":"TABINA","prov_code":"0973","mun_code":"097327"},{"name":"TAMBULIG","prov_code":"0973","mun_code":"097328"},{"name":"TUKURAN","prov_code":"0973","mun_code":"097330"},{"name":"ZAMBOANGA CITY","prov_code":"0973","mun_code":"097332"},{"name":"LAKEWOOD","prov_code":"0973","mun_code":"097333"},{"name":"JOSEFINA","prov_code":"0973","mun_code":"097337"},{"name":"PITOGO","prov_code":"0973","mun_code":"097338"},{"name":"SOMINOT (DON MARIANO MARCOS)","prov_code":"0973","mun_code":"097340"},{"name":"VINCENZO A. SAGUN","prov_code":"0973","mun_code":"097341"},{"name":"GUIPOS","prov_code":"0973","mun_code":"097343"},{"name":"TIGBAO","prov_code":"0973","mun_code":"097344"},{"name":"ALICIA","prov_code":"0983","mun_code":"098301"},{"name":"BUUG","prov_code":"0983","mun_code":"098302"},{"name":"DIPLAHAN","prov_code":"0983","mun_code":"098303"},{"name":"IMELDA","prov_code":"0983","mun_code":"098304"},{"name":"IPIL (Capital)","prov_code":"0983","mun_code":"098305"},{"name":"KABASALAN","prov_code":"0983","mun_code":"098306"},{"name":"MABUHAY","prov_code":"0983","mun_code":"098307"},{"name":"MALANGAS","prov_code":"0983","mun_code":"098308"},{"name":"NAGA","prov_code":"0983","mun_code":"098309"},{"name":"OLUTANGA","prov_code":"0983","mun_code":"098310"},{"name":"PAYAO","prov_code":"0983","mun_code":"098311"},{"name":"ROSELLER LIM","prov_code":"0983","mun_code":"098312"},{"name":"SIAY","prov_code":"0983","mun_code":"098313"},{"name":"TALUSAN","prov_code":"0983","mun_code":"098314"},{"name":"TITAY","prov_code":"0983","mun_code":"098315"},{"name":"TUNGAWAN","prov_code":"0983","mun_code":"098316"},{"name":"CITY OF ISABELA","prov_code":"0997","mun_code":"099701"},{"name":"BAUNGON","prov_code":"1013","mun_code":"101301"},{"name":"DAMULOG","prov_code":"1013","mun_code":"101302"},{"name":"DANGCAGAN","prov_code":"1013","mun_code":"101303"},{"name":"DON CARLOS","prov_code":"1013","mun_code":"101304"},{"name":"IMPASUG-ONG","prov_code":"1013","mun_code":"101305"},{"name":"KADINGILAN","prov_code":"1013","mun_code":"101306"},{"name":"KALILANGAN","prov_code":"1013","mun_code":"101307"},{"name":"KIBAWE","prov_code":"1013","mun_code":"101308"},{"name":"KITAOTAO","prov_code":"1013","mun_code":"101309"},{"name":"LANTAPAN","prov_code":"1013","mun_code":"101310"},{"name":"LIBONA","prov_code":"1013","mun_code":"101311"},{"name":"CITY OF MALAYBALAY (Capital)","prov_code":"1013","mun_code":"101312"},{"name":"MALITBOG","prov_code":"1013","mun_code":"101313"},{"name":"MANOLO FORTICH","prov_code":"1013","mun_code":"101314"},{"name":"MARAMAG","prov_code":"1013","mun_code":"101315"},{"name":"PANGANTUCAN","prov_code":"1013","mun_code":"101316"},{"name":"QUEZON","prov_code":"1013","mun_code":"101317"},{"name":"SAN FERNANDO","prov_code":"1013","mun_code":"101318"},{"name":"SUMILAO","prov_code":"1013","mun_code":"101319"},{"name":"TALAKAG","prov_code":"1013","mun_code":"101320"},{"name":"CITY OF VALENCIA","prov_code":"1013","mun_code":"101321"},{"name":"CABANGLASAN","prov_code":"1013","mun_code":"101322"},{"name":"CATARMAN","prov_code":"1018","mun_code":"101801"},{"name":"GUINSILIBAN","prov_code":"1018","mun_code":"101802"},{"name":"MAHINOG","prov_code":"1018","mun_code":"101803"},{"name":"MAMBAJAO (Capital)","prov_code":"1018","mun_code":"101804"},{"name":"SAGAY","prov_code":"1018","mun_code":"101805"},{"name":"BACOLOD","prov_code":"1035","mun_code":"103501"},{"name":"BALOI","prov_code":"1035","mun_code":"103502"},{"name":"BAROY","prov_code":"1035","mun_code":"103503"},{"name":"ILIGAN CITY","prov_code":"1035","mun_code":"103504"},{"name":"KAPATAGAN","prov_code":"1035","mun_code":"103505"},{"name":"SULTAN NAGA DIMAPORO (KAROMATAN)","prov_code":"1035","mun_code":"103506"},{"name":"KAUSWAGAN","prov_code":"1035","mun_code":"103507"},{"name":"KOLAMBUGAN","prov_code":"1035","mun_code":"103508"},{"name":"LALA","prov_code":"1035","mun_code":"103509"},{"name":"LINAMON","prov_code":"1035","mun_code":"103510"},{"name":"MAGSAYSAY","prov_code":"1035","mun_code":"103511"},{"name":"MAIGO","prov_code":"1035","mun_code":"103512"},{"name":"MATUNGAO","prov_code":"1035","mun_code":"103513"},{"name":"MUNAI","prov_code":"1035","mun_code":"103514"},{"name":"NUNUNGAN","prov_code":"1035","mun_code":"103515"},{"name":"PANTAO RAGAT","prov_code":"1035","mun_code":"103516"},{"name":"POONA PIAGAPO","prov_code":"1035","mun_code":"103517"},{"name":"SALVADOR","prov_code":"1035","mun_code":"103518"},{"name":"SAPAD","prov_code":"1035","mun_code":"103519"},{"name":"TAGOLOAN","prov_code":"1035","mun_code":"103520"},{"name":"TANGCAL","prov_code":"1035","mun_code":"103521"},{"name":"TUBOD (Capital)","prov_code":"1035","mun_code":"103522"},{"name":"PANTAR","prov_code":"1035","mun_code":"103523"},{"name":"ALORAN","prov_code":"1042","mun_code":"104201"},{"name":"BALIANGAO","prov_code":"1042","mun_code":"104202"},{"name":"BONIFACIO","prov_code":"1042","mun_code":"104203"},{"name":"CALAMBA","prov_code":"1042","mun_code":"104204"},{"name":"CLARIN","prov_code":"1042","mun_code":"104205"},{"name":"CONCEPCION","prov_code":"1042","mun_code":"104206"},{"name":"JIMENEZ","prov_code":"1042","mun_code":"104207"},{"name":"LOPEZ JAENA","prov_code":"1042","mun_code":"104208"},{"name":"OROQUIETA CITY (Capital)","prov_code":"1042","mun_code":"104209"},{"name":"OZAMIS CITY","prov_code":"1042","mun_code":"104210"},{"name":"PANAON","prov_code":"1042","mun_code":"104211"},{"name":"PLARIDEL","prov_code":"1042","mun_code":"104212"},{"name":"SAPANG DALAGA","prov_code":"1042","mun_code":"104213"},{"name":"SINACABAN","prov_code":"1042","mun_code":"104214"},{"name":"TANGUB CITY","prov_code":"1042","mun_code":"104215"},{"name":"TUDELA","prov_code":"1042","mun_code":"104216"},{"name":"DON VICTORIANO CHIONGBIAN (DON MARIANO MARCOS)","prov_code":"1042","mun_code":"104217"},{"name":"ALUBIJID","prov_code":"1043","mun_code":"104301"},{"name":"BALINGASAG","prov_code":"1043","mun_code":"104302"},{"name":"BALINGOAN","prov_code":"1043","mun_code":"104303"},{"name":"BINUANGAN","prov_code":"1043","mun_code":"104304"},{"name":"CAGAYAN DE ORO CITY (Capital)","prov_code":"1043","mun_code":"104305"},{"name":"CLAVERIA","prov_code":"1043","mun_code":"104306"},{"name":"CITY OF EL SALVADOR","prov_code":"1043","mun_code":"104307"},{"name":"GINGOOG CITY","prov_code":"1043","mun_code":"104308"},{"name":"GITAGUM","prov_code":"1043","mun_code":"104309"},{"name":"INITAO","prov_code":"1043","mun_code":"104310"},{"name":"JASAAN","prov_code":"1043","mun_code":"104311"},{"name":"KINOGUITAN","prov_code":"1043","mun_code":"104312"},{"name":"LAGONGLONG","prov_code":"1043","mun_code":"104313"},{"name":"LAGUINDINGAN","prov_code":"1043","mun_code":"104314"},{"name":"LIBERTAD","prov_code":"1043","mun_code":"104315"},{"name":"LUGAIT","prov_code":"1043","mun_code":"104316"},{"name":"MAGSAYSAY (LINUGOS)","prov_code":"1043","mun_code":"104317"},{"name":"MANTICAO","prov_code":"1043","mun_code":"104318"},{"name":"MEDINA","prov_code":"1043","mun_code":"104319"},{"name":"NAAWAN","prov_code":"1043","mun_code":"104320"},{"name":"OPOL","prov_code":"1043","mun_code":"104321"},{"name":"SALAY","prov_code":"1043","mun_code":"104322"},{"name":"SUGBONGCOGON","prov_code":"1043","mun_code":"104323"},{"name":"TAGOLOAN","prov_code":"1043","mun_code":"104324"},{"name":"TALISAYAN","prov_code":"1043","mun_code":"104325"},{"name":"VILLANUEVA","prov_code":"1043","mun_code":"104326"},{"name":"ASUNCION (SAUG)","prov_code":"1123","mun_code":"112301"},{"name":"CARMEN","prov_code":"1123","mun_code":"112303"},{"name":"KAPALONG","prov_code":"1123","mun_code":"112305"},{"name":"NEW CORELLA","prov_code":"1123","mun_code":"112314"},{"name":"CITY OF PANABO","prov_code":"1123","mun_code":"112315"},{"name":"ISLAND GARDEN CITY OF SAMAL","prov_code":"1123","mun_code":"112317"},{"name":"SANTO TOMAS","prov_code":"1123","mun_code":"112318"},{"name":"CITY OF TAGUM (Capital)","prov_code":"1123","mun_code":"112319"},{"name":"TALAINGOD","prov_code":"1123","mun_code":"112322"},{"name":"BRAULIO E. DUJALI","prov_code":"1123","mun_code":"112323"},{"name":"SAN ISIDRO","prov_code":"1123","mun_code":"112324"},{"name":"BANSALAN","prov_code":"1124","mun_code":"112401"},{"name":"DAVAO CITY","prov_code":"1124","mun_code":"112402"},{"name":"CITY OF DIGOS (Capital)","prov_code":"1124","mun_code":"112403"},{"name":"HAGONOY","prov_code":"1124","mun_code":"112404"},{"name":"KIBLAWAN","prov_code":"1124","mun_code":"112406"},{"name":"MAGSAYSAY","prov_code":"1124","mun_code":"112407"},{"name":"MALALAG","prov_code":"1124","mun_code":"112408"},{"name":"MATANAO","prov_code":"1124","mun_code":"112410"},{"name":"PADADA","prov_code":"1124","mun_code":"112411"},{"name":"SANTA CRUZ","prov_code":"1124","mun_code":"112412"},{"name":"SULOP","prov_code":"1124","mun_code":"112414"},{"name":"BAGANGA","prov_code":"1125","mun_code":"112501"},{"name":"BANAYBANAY","prov_code":"1125","mun_code":"112502"},{"name":"BOSTON","prov_code":"1125","mun_code":"112503"},{"name":"CARAGA","prov_code":"1125","mun_code":"112504"},{"name":"CATEEL","prov_code":"1125","mun_code":"112505"},{"name":"GOVERNOR GENEROSO","prov_code":"1125","mun_code":"112506"},{"name":"LUPON","prov_code":"1125","mun_code":"112507"},{"name":"MANAY","prov_code":"1125","mun_code":"112508"},{"name":"CITY OF MATI (Capital)","prov_code":"1125","mun_code":"112509"},{"name":"SAN ISIDRO","prov_code":"1125","mun_code":"112510"},{"name":"TARRAGONA","prov_code":"1125","mun_code":"112511"},{"name":"COMPOSTELA","prov_code":"1182","mun_code":"118201"},{"name":"LAAK (SAN VICENTE)","prov_code":"1182","mun_code":"118202"},{"name":"MACO","prov_code":"1182","mun_code":"118204"},{"name":"MARAGUSAN (SAN MARIANO)","prov_code":"1182","mun_code":"118205"},{"name":"MAWAB","prov_code":"1182","mun_code":"118206"},{"name":"MONKAYO","prov_code":"1182","mun_code":"118207"},{"name":"MONTEVISTA","prov_code":"1182","mun_code":"118208"},{"name":"NABUNTURAN (Capital)","prov_code":"1182","mun_code":"118209"},{"name":"NEW BATAAN","prov_code":"1182","mun_code":"118210"},{"name":"PANTUKAN","prov_code":"1182","mun_code":"118211"},{"name":"DON MARCELINO","prov_code":"1186","mun_code":"118601"},{"name":"JOSE ABAD SANTOS (TRINIDAD)","prov_code":"1186","mun_code":"118602"},{"name":"MALITA","prov_code":"1186","mun_code":"118603"},{"name":"SANTA MARIA","prov_code":"1186","mun_code":"118604"},{"name":"SARANGANI","prov_code":"1186","mun_code":"118605"},{"name":"ALAMADA","prov_code":"1247","mun_code":"124701"},{"name":"CARMEN","prov_code":"1247","mun_code":"124702"},{"name":"KABACAN","prov_code":"1247","mun_code":"124703"},{"name":"CITY OF KIDAPAWAN (Capital)","prov_code":"1247","mun_code":"124704"},{"name":"LIBUNGAN","prov_code":"1247","mun_code":"124705"},{"name":"MAGPET","prov_code":"1247","mun_code":"124706"},{"name":"MAKILALA","prov_code":"1247","mun_code":"124707"},{"name":"MATALAM","prov_code":"1247","mun_code":"124708"},{"name":"MIDSAYAP","prov_code":"1247","mun_code":"124709"},{"name":"M'LANG","prov_code":"1247","mun_code":"124710"},{"name":"PIGKAWAYAN","prov_code":"1247","mun_code":"124711"},{"name":"PIKIT","prov_code":"1247","mun_code":"124712"},{"name":"PRESIDENT ROXAS","prov_code":"1247","mun_code":"124713"},{"name":"TULUNAN","prov_code":"1247","mun_code":"124714"},{"name":"ANTIPAS","prov_code":"1247","mun_code":"124715"},{"name":"BANISILAN","prov_code":"1247","mun_code":"124716"},{"name":"ALEOSAN","prov_code":"1247","mun_code":"124717"},{"name":"ARAKAN","prov_code":"1247","mun_code":"124718"},{"name":"BANGA","prov_code":"1263","mun_code":"126302"},{"name":"GENERAL SANTOS CITY (DADIANGAS)","prov_code":"1263","mun_code":"126303"},{"name":"CITY OF KORONADAL (Capital)","prov_code":"1263","mun_code":"126306"},{"name":"NORALA","prov_code":"1263","mun_code":"126311"},{"name":"POLOMOLOK","prov_code":"1263","mun_code":"126312"},{"name":"SURALLAH","prov_code":"1263","mun_code":"126313"},{"name":"TAMPAKAN","prov_code":"1263","mun_code":"126314"},{"name":"TANTANGAN","prov_code":"1263","mun_code":"126315"},{"name":"T'BOLI","prov_code":"1263","mun_code":"126316"},{"name":"TUPI","prov_code":"1263","mun_code":"126317"},{"name":"LAKE SEBU","prov_code":"1263","mun_code":"126319"},{"name":"BAGUMBAYAN","prov_code":"1265","mun_code":"126501"},{"name":"COLUMBIO","prov_code":"1265","mun_code":"126502"},{"name":"ESPERANZA","prov_code":"1265","mun_code":"126503"},{"name":"ISULAN (Capital)","prov_code":"1265","mun_code":"126504"},{"name":"KALAMANSIG","prov_code":"1265","mun_code":"126505"},{"name":"LEBAK","prov_code":"1265","mun_code":"126506"},{"name":"LUTAYAN","prov_code":"1265","mun_code":"126507"},{"name":"LAMBAYONG (MARIANO MARCOS)","prov_code":"1265","mun_code":"126508"},{"name":"PALIMBANG","prov_code":"1265","mun_code":"126509"},{"name":"PRESIDENT QUIRINO","prov_code":"1265","mun_code":"126510"},{"name":"CITY OF TACURONG","prov_code":"1265","mun_code":"126511"},{"name":"SEN. NINOY AQUINO","prov_code":"1265","mun_code":"126512"},{"name":"ALABEL (Capital)","prov_code":"1280","mun_code":"128001"},{"name":"GLAN","prov_code":"1280","mun_code":"128002"},{"name":"KIAMBA","prov_code":"1280","mun_code":"128003"},{"name":"MAASIM","prov_code":"1280","mun_code":"128004"},{"name":"MAITUM","prov_code":"1280","mun_code":"128005"},{"name":"MALAPATAN","prov_code":"1280","mun_code":"128006"},{"name":"MALUNGON","prov_code":"1280","mun_code":"128007"},{"name":"COTABATO CITY","prov_code":"1298","mun_code":"129804"},{"name":"TONDO I \/ II","prov_code":"1339","mun_code":"133901"},{"name":"BINONDO","prov_code":"1339","mun_code":"133902"},{"name":"QUIAPO","prov_code":"1339","mun_code":"133903"},{"name":"SAN NICOLAS","prov_code":"1339","mun_code":"133904"},{"name":"SANTA CRUZ","prov_code":"1339","mun_code":"133905"},{"name":"SAMPALOC","prov_code":"1339","mun_code":"133906"},{"name":"SAN MIGUEL","prov_code":"1339","mun_code":"133907"},{"name":"ERMITA","prov_code":"1339","mun_code":"133908"},{"name":"INTRAMUROS","prov_code":"1339","mun_code":"133909"},{"name":"MALATE","prov_code":"1339","mun_code":"133910"},{"name":"PACO","prov_code":"1339","mun_code":"133911"},{"name":"PANDACAN","prov_code":"1339","mun_code":"133912"},{"name":"PORT AREA","prov_code":"1339","mun_code":"133913"},{"name":"SANTA ANA","prov_code":"1339","mun_code":"133914"},{"name":"CITY OF MANDALUYONG","prov_code":"1374","mun_code":"137401"},{"name":"CITY OF MARIKINA","prov_code":"1374","mun_code":"137402"},{"name":"CITY OF PASIG","prov_code":"1374","mun_code":"137403"},{"name":"QUEZON CITY","prov_code":"1374","mun_code":"137404"},{"name":"CITY OF SAN JUAN","prov_code":"1374","mun_code":"137405"},{"name":"CALOOCAN CITY","prov_code":"1375","mun_code":"137501"},{"name":"CITY OF MALABON","prov_code":"1375","mun_code":"137502"},{"name":"CITY OF NAVOTAS","prov_code":"1375","mun_code":"137503"},{"name":"CITY OF VALENZUELA","prov_code":"1375","mun_code":"137504"},{"name":"CITY OF MAKATI","prov_code":"1376","mun_code":"137602"},{"name":"CITY OF MUNTINLUPA","prov_code":"1376","mun_code":"137603"},{"name":"PASAY CITY","prov_code":"1376","mun_code":"137605"},{"name":"PATEROS","prov_code":"1376","mun_code":"137606"},{"name":"TAGUIG CITY","prov_code":"1376","mun_code":"137607"},{"name":"BANGUED (Capital)","prov_code":"1401","mun_code":"140101"},{"name":"BOLINEY","prov_code":"1401","mun_code":"140102"},{"name":"BUCAY","prov_code":"1401","mun_code":"140103"},{"name":"BUCLOC","prov_code":"1401","mun_code":"140104"},{"name":"DAGUIOMAN","prov_code":"1401","mun_code":"140105"},{"name":"DANGLAS","prov_code":"1401","mun_code":"140106"},{"name":"DOLORES","prov_code":"1401","mun_code":"140107"},{"name":"LA PAZ","prov_code":"1401","mun_code":"140108"},{"name":"LACUB","prov_code":"1401","mun_code":"140109"},{"name":"LAGANGILANG","prov_code":"1401","mun_code":"140110"},{"name":"LAGAYAN","prov_code":"1401","mun_code":"140111"},{"name":"LANGIDEN","prov_code":"1401","mun_code":"140112"},{"name":"LICUAN-BAAY (LICUAN)","prov_code":"1401","mun_code":"140113"},{"name":"LUBA","prov_code":"1401","mun_code":"140114"},{"name":"MALIBCONG","prov_code":"1401","mun_code":"140115"},{"name":"MANABO","prov_code":"1401","mun_code":"140116"},{"name":"PIDIGAN","prov_code":"1401","mun_code":"140118"},{"name":"PILAR","prov_code":"1401","mun_code":"140119"},{"name":"SALLAPADAN","prov_code":"1401","mun_code":"140120"},{"name":"SAN ISIDRO","prov_code":"1401","mun_code":"140121"},{"name":"SAN JUAN","prov_code":"1401","mun_code":"140122"},{"name":"SAN QUINTIN","prov_code":"1401","mun_code":"140123"},{"name":"TAYUM","prov_code":"1401","mun_code":"140124"},{"name":"TINEG","prov_code":"1401","mun_code":"140125"},{"name":"TUBO","prov_code":"1401","mun_code":"140126"},{"name":"VILLAVICIOSA","prov_code":"1401","mun_code":"140127"},{"name":"ATOK","prov_code":"1411","mun_code":"141101"},{"name":"BAGUIO CITY","prov_code":"1411","mun_code":"141102"},{"name":"BAKUN","prov_code":"1411","mun_code":"141103"},{"name":"BOKOD","prov_code":"1411","mun_code":"141104"},{"name":"BUGUIAS","prov_code":"1411","mun_code":"141105"},{"name":"ITOGON","prov_code":"1411","mun_code":"141106"},{"name":"KABAYAN","prov_code":"1411","mun_code":"141107"},{"name":"KAPANGAN","prov_code":"1411","mun_code":"141108"},{"name":"KIBUNGAN","prov_code":"1411","mun_code":"141109"},{"name":"LA TRINIDAD (Capital)","prov_code":"1411","mun_code":"141110"},{"name":"MANKAYAN","prov_code":"1411","mun_code":"141111"},{"name":"SABLAN","prov_code":"1411","mun_code":"141112"},{"name":"TUBA","prov_code":"1411","mun_code":"141113"},{"name":"TUBLAY","prov_code":"1411","mun_code":"141114"},{"name":"BANAUE","prov_code":"1427","mun_code":"142701"},{"name":"HUNGDUAN","prov_code":"1427","mun_code":"142702"},{"name":"KIANGAN","prov_code":"1427","mun_code":"142703"},{"name":"LAGAWE (Capital)","prov_code":"1427","mun_code":"142704"},{"name":"LAMUT","prov_code":"1427","mun_code":"142705"},{"name":"MAYOYAO","prov_code":"1427","mun_code":"142706"},{"name":"ALFONSO LISTA (POTIA)","prov_code":"1427","mun_code":"142707"},{"name":"AGUINALDO","prov_code":"1427","mun_code":"142708"},{"name":"HINGYON","prov_code":"1427","mun_code":"142709"},{"name":"TINOC","prov_code":"1427","mun_code":"142710"},{"name":"ASIPULO","prov_code":"1427","mun_code":"142711"},{"name":"BALBALAN","prov_code":"1432","mun_code":"143201"},{"name":"LUBUAGAN","prov_code":"1432","mun_code":"143206"},{"name":"PASIL","prov_code":"1432","mun_code":"143208"},{"name":"PINUKPUK","prov_code":"1432","mun_code":"143209"},{"name":"RIZAL (LIWAN)","prov_code":"1432","mun_code":"143211"},{"name":"CITY OF TABUK (Capital)","prov_code":"1432","mun_code":"143213"},{"name":"TANUDAN","prov_code":"1432","mun_code":"143214"},{"name":"TINGLAYAN","prov_code":"1432","mun_code":"143215"},{"name":"BARLIG","prov_code":"1444","mun_code":"144401"},{"name":"BAUKO","prov_code":"1444","mun_code":"144402"},{"name":"BESAO","prov_code":"1444","mun_code":"144403"},{"name":"BONTOC (Capital)","prov_code":"1444","mun_code":"144404"},{"name":"NATONIN","prov_code":"1444","mun_code":"144405"},{"name":"PARACELIS","prov_code":"1444","mun_code":"144406"},{"name":"SABANGAN","prov_code":"1444","mun_code":"144407"},{"name":"SADANGA","prov_code":"1444","mun_code":"144408"},{"name":"SAGADA","prov_code":"1444","mun_code":"144409"},{"name":"TADIAN","prov_code":"1444","mun_code":"144410"},{"name":"CALANASAN (BAYAG)","prov_code":"1481","mun_code":"148101"},{"name":"CONNER","prov_code":"1481","mun_code":"148102"},{"name":"FLORA","prov_code":"1481","mun_code":"148103"},{"name":"KABUGAO (Capital)","prov_code":"1481","mun_code":"148104"},{"name":"LUNA","prov_code":"1481","mun_code":"148105"},{"name":"PUDTOL","prov_code":"1481","mun_code":"148106"},{"name":"SANTA MARCELA","prov_code":"1481","mun_code":"148107"},{"name":"CITY OF LAMITAN","prov_code":"1507","mun_code":"150702"},{"name":"LANTAWAN","prov_code":"1507","mun_code":"150703"},{"name":"MALUSO","prov_code":"1507","mun_code":"150704"},{"name":"SUMISIP","prov_code":"1507","mun_code":"150705"},{"name":"TIPO-TIPO","prov_code":"1507","mun_code":"150706"},{"name":"TUBURAN","prov_code":"1507","mun_code":"150707"},{"name":"AKBAR","prov_code":"1507","mun_code":"150708"},{"name":"AL-BARKA","prov_code":"1507","mun_code":"150709"},{"name":"HADJI MOHAMMAD AJUL","prov_code":"1507","mun_code":"150710"},{"name":"UNGKAYA PUKAN","prov_code":"1507","mun_code":"150711"},{"name":"HADJI MUHTAMAD","prov_code":"1507","mun_code":"150712"},{"name":"TABUAN-LASA","prov_code":"1507","mun_code":"150713"},{"name":"BACOLOD-KALAWI (BACOLOD GRANDE)","prov_code":"1536","mun_code":"153601"},{"name":"BALABAGAN","prov_code":"1536","mun_code":"153602"},{"name":"BALINDONG (WATU)","prov_code":"1536","mun_code":"153603"},{"name":"BAYANG","prov_code":"1536","mun_code":"153604"},{"name":"BINIDAYAN","prov_code":"1536","mun_code":"153605"},{"name":"BUBONG","prov_code":"1536","mun_code":"153606"},{"name":"BUTIG","prov_code":"1536","mun_code":"153607"},{"name":"GANASSI","prov_code":"1536","mun_code":"153609"},{"name":"KAPAI","prov_code":"1536","mun_code":"153610"},{"name":"LUMBA-BAYABAO (MAGUING)","prov_code":"1536","mun_code":"153611"},{"name":"LUMBATAN","prov_code":"1536","mun_code":"153612"},{"name":"MADALUM","prov_code":"1536","mun_code":"153613"},{"name":"MADAMBA","prov_code":"1536","mun_code":"153614"},{"name":"MALABANG","prov_code":"1536","mun_code":"153615"},{"name":"MARANTAO","prov_code":"1536","mun_code":"153616"},{"name":"MARAWI CITY (Capital)","prov_code":"1536","mun_code":"153617"},{"name":"MASIU","prov_code":"1536","mun_code":"153618"},{"name":"MULONDO","prov_code":"1536","mun_code":"153619"},{"name":"PAGAYAWAN (TATARIKAN)","prov_code":"1536","mun_code":"153620"},{"name":"PIAGAPO","prov_code":"1536","mun_code":"153621"},{"name":"POONA BAYABAO (GATA)","prov_code":"1536","mun_code":"153622"},{"name":"PUALAS","prov_code":"1536","mun_code":"153623"},{"name":"DITSAAN-RAMAIN","prov_code":"1536","mun_code":"153624"},{"name":"SAGUIARAN","prov_code":"1536","mun_code":"153625"},{"name":"TAMPARAN","prov_code":"1536","mun_code":"153626"},{"name":"TARAKA","prov_code":"1536","mun_code":"153627"},{"name":"TUBARAN","prov_code":"1536","mun_code":"153628"},{"name":"TUGAYA","prov_code":"1536","mun_code":"153629"},{"name":"WAO","prov_code":"1536","mun_code":"153630"},{"name":"MAROGONG","prov_code":"1536","mun_code":"153631"},{"name":"CALANOGAS","prov_code":"1536","mun_code":"153632"},{"name":"BUADIPOSO-BUNTONG","prov_code":"1536","mun_code":"153633"},{"name":"MAGUING","prov_code":"1536","mun_code":"153634"},{"name":"PICONG (SULTAN GUMANDER)","prov_code":"1536","mun_code":"153635"},{"name":"LUMBAYANAGUE","prov_code":"1536","mun_code":"153636"},{"name":"BUMBARAN","prov_code":"1536","mun_code":"153637"},{"name":"TAGOLOAN II","prov_code":"1536","mun_code":"153638"},{"name":"KAPATAGAN","prov_code":"1536","mun_code":"153639"},{"name":"SULTAN DUMALONDONG","prov_code":"1536","mun_code":"153640"},{"name":"LUMBACA-UNAYAN","prov_code":"1536","mun_code":"153641"},{"name":"AMPATUAN","prov_code":"1538","mun_code":"153801"},{"name":"BULDON","prov_code":"1538","mun_code":"153802"},{"name":"BULUAN","prov_code":"1538","mun_code":"153803"},{"name":"DATU PAGLAS","prov_code":"1538","mun_code":"153805"},{"name":"DATU PIANG","prov_code":"1538","mun_code":"153806"},{"name":"DATU ODIN SINSUAT (DINAIG)","prov_code":"1538","mun_code":"153807"},{"name":"SHARIFF AGUAK (MAGANOY) (Capital)","prov_code":"1538","mun_code":"153808"},{"name":"MATANOG","prov_code":"1538","mun_code":"153809"},{"name":"PAGALUNGAN","prov_code":"1538","mun_code":"153810"},{"name":"PARANG","prov_code":"1538","mun_code":"153811"},{"name":"SULTAN KUDARAT (NULING)","prov_code":"1538","mun_code":"153812"},{"name":"SULTAN SA BARONGIS (LAMBAYONG)","prov_code":"1538","mun_code":"153813"},{"name":"KABUNTALAN (TUMBAO)","prov_code":"1538","mun_code":"153814"},{"name":"UPI","prov_code":"1538","mun_code":"153815"},{"name":"TALAYAN","prov_code":"1538","mun_code":"153816"},{"name":"SOUTH UPI","prov_code":"1538","mun_code":"153817"},{"name":"BARIRA","prov_code":"1538","mun_code":"153818"},{"name":"GEN. S. K. PENDATUN","prov_code":"1538","mun_code":"153819"},{"name":"MAMASAPANO","prov_code":"1538","mun_code":"153820"},{"name":"TALITAY","prov_code":"1538","mun_code":"153821"},{"name":"PAGAGAWAN","prov_code":"1538","mun_code":"153822"},{"name":"PAGLAT","prov_code":"1538","mun_code":"153823"},{"name":"SULTAN MASTURA","prov_code":"1538","mun_code":"153824"},{"name":"GUINDULUNGAN","prov_code":"1538","mun_code":"153825"},{"name":"DATU SAUDI-AMPATUAN","prov_code":"1538","mun_code":"153826"},{"name":"DATU UNSAY","prov_code":"1538","mun_code":"153827"},{"name":"DATU ABDULLAH SANGKI","prov_code":"1538","mun_code":"153828"},{"name":"RAJAH BUAYAN","prov_code":"1538","mun_code":"153829"},{"name":"DATU BLAH T. SINSUAT","prov_code":"1538","mun_code":"153830"},{"name":"DATU ANGGAL MIDTIMBANG","prov_code":"1538","mun_code":"153831"},{"name":"MANGUDADATU","prov_code":"1538","mun_code":"153832"},{"name":"PANDAG","prov_code":"1538","mun_code":"153833"},{"name":"NORTHERN KABUNTALAN","prov_code":"1538","mun_code":"153834"},{"name":"DATU HOFFER AMPATUAN","prov_code":"1538","mun_code":"153835"},{"name":"DATU SALIBO","prov_code":"1538","mun_code":"153836"},{"name":"SHARIFF SAYDONA MUSTAPHA","prov_code":"1538","mun_code":"153837"},{"name":"INDANAN","prov_code":"1566","mun_code":"156601"},{"name":"JOLO (Capital)","prov_code":"1566","mun_code":"156602"},{"name":"KALINGALAN CALUANG","prov_code":"1566","mun_code":"156603"},{"name":"LUUK","prov_code":"1566","mun_code":"156604"},{"name":"MAIMBUNG","prov_code":"1566","mun_code":"156605"},{"name":"HADJI PANGLIMA TAHIL (MARUNGGAS)","prov_code":"1566","mun_code":"156606"},{"name":"OLD PANAMAO","prov_code":"1566","mun_code":"156607"},{"name":"PANGUTARAN","prov_code":"1566","mun_code":"156608"},{"name":"PARANG","prov_code":"1566","mun_code":"156609"},{"name":"PATA","prov_code":"1566","mun_code":"156610"},{"name":"PATIKUL","prov_code":"1566","mun_code":"156611"},{"name":"SIASI","prov_code":"1566","mun_code":"156612"},{"name":"TALIPAO","prov_code":"1566","mun_code":"156613"},{"name":"TAPUL","prov_code":"1566","mun_code":"156614"},{"name":"TONGKIL","prov_code":"1566","mun_code":"156615"},{"name":"PANGLIMA ESTINO (NEW PANAMAO)","prov_code":"1566","mun_code":"156616"},{"name":"LUGUS","prov_code":"1566","mun_code":"156617"},{"name":"PANDAMI","prov_code":"1566","mun_code":"156618"},{"name":"OMAR","prov_code":"1566","mun_code":"156619"},{"name":"PANGLIMA SUGALA (BALIMBING)","prov_code":"1570","mun_code":"157001"},{"name":"BONGAO (Capital)","prov_code":"1570","mun_code":"157002"},{"name":"MAPUN (CAGAYAN DE TAWI-TAWI)","prov_code":"1570","mun_code":"157003"},{"name":"SIMUNUL","prov_code":"1570","mun_code":"157004"},{"name":"SITANGKAI","prov_code":"1570","mun_code":"157005"},{"name":"SOUTH UBIAN","prov_code":"1570","mun_code":"157006"},{"name":"TANDUBAS","prov_code":"1570","mun_code":"157007"},{"name":"TURTLE ISLANDS","prov_code":"1570","mun_code":"157008"},{"name":"LANGUYAN","prov_code":"1570","mun_code":"157009"},{"name":"SAPA-SAPA","prov_code":"1570","mun_code":"157010"},{"name":"SIBUTU","prov_code":"1570","mun_code":"157011"},{"name":"BUENAVISTA","prov_code":"1602","mun_code":"160201"},{"name":"BUTUAN CITY (Capital)","prov_code":"1602","mun_code":"160202"},{"name":"CITY OF CABADBARAN","prov_code":"1602","mun_code":"160203"},{"name":"CARMEN","prov_code":"1602","mun_code":"160204"},{"name":"JABONGA","prov_code":"1602","mun_code":"160205"},{"name":"KITCHARAO","prov_code":"1602","mun_code":"160206"},{"name":"LAS NIEVES","prov_code":"1602","mun_code":"160207"},{"name":"MAGALLANES","prov_code":"1602","mun_code":"160208"},{"name":"NASIPIT","prov_code":"1602","mun_code":"160209"},{"name":"SANTIAGO","prov_code":"1602","mun_code":"160210"},{"name":"TUBAY","prov_code":"1602","mun_code":"160211"},{"name":"REMEDIOS T. ROMUALDEZ","prov_code":"1602","mun_code":"160212"},{"name":"CITY OF BAYUGAN","prov_code":"1603","mun_code":"160301"},{"name":"BUNAWAN","prov_code":"1603","mun_code":"160302"},{"name":"ESPERANZA","prov_code":"1603","mun_code":"160303"},{"name":"LA PAZ","prov_code":"1603","mun_code":"160304"},{"name":"LORETO","prov_code":"1603","mun_code":"160305"},{"name":"PROSPERIDAD (Capital)","prov_code":"1603","mun_code":"160306"},{"name":"ROSARIO","prov_code":"1603","mun_code":"160307"},{"name":"SAN FRANCISCO","prov_code":"1603","mun_code":"160308"},{"name":"SAN LUIS","prov_code":"1603","mun_code":"160309"},{"name":"SANTA JOSEFA","prov_code":"1603","mun_code":"160310"},{"name":"TALACOGON","prov_code":"1603","mun_code":"160311"},{"name":"TRENTO","prov_code":"1603","mun_code":"160312"},{"name":"VERUELA","prov_code":"1603","mun_code":"160313"},{"name":"SIBAGAT","prov_code":"1603","mun_code":"160314"},{"name":"ALEGRIA","prov_code":"1667","mun_code":"166701"},{"name":"BACUAG","prov_code":"1667","mun_code":"166702"},{"name":"BURGOS","prov_code":"1667","mun_code":"166704"},{"name":"CLAVER","prov_code":"1667","mun_code":"166706"},{"name":"DAPA","prov_code":"1667","mun_code":"166707"},{"name":"DEL CARMEN","prov_code":"1667","mun_code":"166708"},{"name":"GENERAL LUNA","prov_code":"1667","mun_code":"166710"},{"name":"GIGAQUIT","prov_code":"1667","mun_code":"166711"},{"name":"MAINIT","prov_code":"1667","mun_code":"166714"},{"name":"MALIMONO","prov_code":"1667","mun_code":"166715"},{"name":"PILAR","prov_code":"1667","mun_code":"166716"},{"name":"PLACER","prov_code":"1667","mun_code":"166717"},{"name":"SAN BENITO","prov_code":"1667","mun_code":"166718"},{"name":"SAN FRANCISCO (ANAO-AON)","prov_code":"1667","mun_code":"166719"},{"name":"SAN ISIDRO","prov_code":"1667","mun_code":"166720"},{"name":"SANTA MONICA (SAPAO)","prov_code":"1667","mun_code":"166721"},{"name":"SISON","prov_code":"1667","mun_code":"166722"},{"name":"SOCORRO","prov_code":"1667","mun_code":"166723"},{"name":"SURIGAO CITY (Capital)","prov_code":"1667","mun_code":"166724"},{"name":"TAGANA-AN","prov_code":"1667","mun_code":"166725"},{"name":"TUBOD","prov_code":"1667","mun_code":"166727"},{"name":"BAROBO","prov_code":"1668","mun_code":"166801"},{"name":"BAYABAS","prov_code":"1668","mun_code":"166802"},{"name":"CITY OF BISLIG","prov_code":"1668","mun_code":"166803"},{"name":"CAGWAIT","prov_code":"1668","mun_code":"166804"},{"name":"CANTILAN","prov_code":"1668","mun_code":"166805"},{"name":"CARMEN","prov_code":"1668","mun_code":"166806"},{"name":"CARRASCAL","prov_code":"1668","mun_code":"166807"},{"name":"CORTES","prov_code":"1668","mun_code":"166808"},{"name":"HINATUAN","prov_code":"1668","mun_code":"166809"},{"name":"LANUZA","prov_code":"1668","mun_code":"166810"},{"name":"LIANGA","prov_code":"1668","mun_code":"166811"},{"name":"LINGIG","prov_code":"1668","mun_code":"166812"},{"name":"MADRID","prov_code":"1668","mun_code":"166813"},{"name":"MARIHATAG","prov_code":"1668","mun_code":"166814"},{"name":"SAN AGUSTIN","prov_code":"1668","mun_code":"166815"},{"name":"SAN MIGUEL","prov_code":"1668","mun_code":"166816"},{"name":"TAGBINA","prov_code":"1668","mun_code":"166817"},{"name":"TAGO","prov_code":"1668","mun_code":"166818"},{"name":"CITY OF TANDAG (Capital)","prov_code":"1668","mun_code":"166819"},{"name":"BASILISA (RIZAL)","prov_code":"1685","mun_code":"168501"},{"name":"CAGDIANAO","prov_code":"1685","mun_code":"168502"},{"name":"DINAGAT","prov_code":"1685","mun_code":"168503"},{"name":"LIBJO (ALBOR)","prov_code":"1685","mun_code":"168504"},{"name":"LORETO","prov_code":"1685","mun_code":"168505"},{"name":"SAN JOSE (Capital)","prov_code":"1685","mun_code":"168506"},{"name":"TUBAJON","prov_code":"1685","mun_code":"168507"}]
